object_id,color
1,red
2,red
3,red
4,red
5,orange
6,red
7,orange
8,red
9,red
10,red
11,red
12,red
13,red
14,red
15,red
16,red
17,red
18,red
19,orange
20,red
21,orange
22,red
23,red
24,red
25,orange
26,red
27,red
28,red
29,orange
30,red
31,orange
32,orange
33,red
34,orange
35,red
36,red
37,orange
38,red
39,orange
40,red
41,orange
42,red
43,red
44,red
45,red
46,red
47,red
48,red
49,red
50,red
51,red
52,red
53,red
54,orange
55,red
56,red
57,red
58,orange
59,red
60,red
61,orange
62,red
63,red
64,red
65,orange
66,orange
67,red
68,red
69,red
70,red
71,red
72,orange
73,orange
74,red
75,red
76,red
77,orange
78,red
79,red
80,red
81,red
82,red
83,red
84,orange
85,red
86,red
87,orange
88,red
89,red
90,red
91,red
92,red
93,orange
94,red
95,red
96,red
97,orange
98,red
99,orange
100,orange
101,red
102,orange
103,red
104,red
105,red
106,red
107,red
108,red
109,red
110,orange
111,orange
112,red
113,red
114,red
115,orange
116,orange
117,red
118,red
119,red
120,red
121,orange
122,red
123,orange
124,red
125,red
126,red
127,red
128,orange
129,orange
130,orange
131,red
132,red
133,orange
134,orange
135,red
136,red
137,red
138,orange
139,orange
140,red
141,red
142,red
143,red
144,orange
145,red
146,red
147,red
148,orange
149,red
150,red
151,orange
152,red
153,red
154,red
155,red
156,red
157,red
158,red
159,red
160,red
161,red
162,red
163,red
164,orange
165,orange
166,red
167,red
168,red
169,red
170,red
171,orange
172,red
173,red
174,orange
175,orange
176,red
177,red
178,red
179,red
180,red
181,orange
182,red
183,orange
184,red
185,red
186,red
187,orange
188,red
189,red
190,red
191,red
192,red
193,red
194,orange
195,red
196,orange
197,red
198,red
199,orange
200,orange
201,orange
202,orange
203,orange
204,red
205,red
206,red
207,red
208,red
209,red
210,orange
211,red
212,orange
213,red
214,red
215,orange
216,orange
217,red
218,orange
219,red
220,red
221,orange
222,red
223,red
224,orange
225,red
226,red
227,red
228,orange
229,red
230,orange
231,red
232,red
233,red
234,red
235,red
236,red
237,orange
238,red
239,red
240,red
241,red
242,red
243,red
244,orange
245,red
246,orange
247,red
248,red
249,red
250,red
251,red
252,orange
253,red
254,red
255,orange
256,orange
257,red
258,red
259,red
260,orange
261,orange
262,orange
263,red
264,red
265,orange
266,orange
267,red
268,orange
269,red
270,red
271,orange
272,red
273,red
274,orange
275,red
276,red
277,red
278,red
279,red
280,red
281,orange
282,red
283,red
284,red
285,red
286,orange
287,orange
288,red
289,red
290,red
291,red
292,orange
293,red
294,red
295,orange
296,red
297,red
298,red
299,red
300,orange
301,orange
302,red
303,orange
304,red
305,red
306,red
307,red
308,orange
309,orange
310,orange
311,orange
312,red
313,red
314,red
315,orange
316,orange
317,red
318,red
319,red
320,orange
321,orange
322,orange
323,orange
324,orange
325,red
326,orange
327,red
328,orange
329,orange
330,orange
331,orange
332,red
333,orange
334,red
335,orange
336,orange
337,red
338,orange
339,red
340,red
341,orange
342,red
343,red
344,red
345,red
346,orange
347,orange
348,red
349,red
350,red
351,orange
352,red
353,orange
354,red
355,orange
356,red
357,orange
358,red
359,red
360,red
361,orange
362,red
363,red
364,red
365,red
366,red
367,red
368,orange
369,red
370,orange
371,red
372,orange
373,orange
374,red
375,red
376,red
377,red
378,red
379,red
380,orange
381,orange
382,red
383,red
384,red
385,red
386,red
387,red
388,red
389,orange
390,red
391,orange
392,red
393,red
394,red
395,red
396,red
397,red
398,red
399,red
400,red
401,red
402,red
403,red
404,orange
405,orange
406,red
407,red
408,red
409,red
410,red
411,orange
412,orange
413,red
414,red
415,red
416,red
417,red
418,red
419,orange
420,red
421,red
422,red
423,red
424,red
425,red
426,red
427,red
428,red
429,orange
430,orange
431,red
432,red
433,red
434,orange
435,red
436,red
437,red
438,orange
439,red
440,orange
441,red
442,orange
443,red
444,orange
445,orange
446,red
447,orange
448,red
449,orange
450,red
451,orange
452,orange
453,red
454,red
455,red
456,red
457,orange
458,red
459,red
460,red
461,red
462,red
463,red
464,red
465,red
466,red
467,red
468,red
469,orange
470,red
471,red
472,red
473,red
474,red
475,red
476,orange
477,red
478,red
479,orange
480,orange
481,red
482,red
483,red
484,orange
485,orange
486,orange
487,red
488,orange
489,red
490,red
491,red
492,red
493,red
494,red
495,red
496,red
497,red
498,red
499,red
500,red
501,red
502,red
503,red
504,red
505,red
506,red
507,red
508,red
509,red
510,red
511,red
512,red
513,orange
514,red
515,orange
516,orange
517,red
518,red
519,red
520,red
521,orange
522,red
523,red
524,orange
525,red
526,orange
527,orange
528,red
529,red
530,red
531,red
532,red
533,red
534,red
535,red
536,orange
537,red
538,red
539,orange
540,red
541,orange
542,orange
543,red
544,red
545,red
546,red
547,orange
548,red
549,orange
550,red
551,red
552,red
553,red
554,orange
555,orange
556,red
557,red
558,orange
559,orange
560,red
561,red
562,red
563,red
564,red
565,orange
566,orange
567,red
568,orange
569,red
570,orange
571,orange
572,red
573,orange
574,orange
575,red
576,orange
577,red
578,red
579,red
580,orange
581,red
582,orange
583,orange
584,red
585,orange
586,red
587,red
588,red
589,red
590,red
591,orange
592,red
593,red
594,orange
595,red
596,orange
597,orange
598,red
599,red
600,orange
601,red
602,orange
603,red
604,orange
605,red
606,red
607,red
608,orange
609,red
610,red
611,red
612,red
613,red
614,red
615,red
616,red
617,orange
618,red
619,orange
620,red
621,red
622,red
623,red
624,red
625,red
626,orange
627,red
628,red
629,red
630,orange
631,orange
632,red
633,red
634,red
635,red
636,red
637,red
638,red
639,red
640,red
641,orange
642,red
643,red
644,red
645,orange
646,red
647,orange
648,red
649,red
650,red
651,red
652,red
653,orange
654,red
655,orange
656,red
657,red
658,red
659,red
660,red
661,red
662,red
663,orange
664,red
665,orange
666,red
667,orange
668,red
669,red
670,red
671,red
672,orange
673,orange
674,red
675,red
676,red
677,orange
678,orange
679,red
680,red
681,red
682,red
683,red
684,red
685,red
686,red
687,red
688,red
689,red
690,orange
691,orange
692,red
693,red
694,orange
695,orange
696,red
697,red
698,orange
699,red
700,red
701,red
702,orange
703,orange
704,red
705,red
706,red
707,orange
708,red
709,red
710,red
711,red
712,red
713,orange
714,red
715,red
716,red
717,red
718,red
719,red
720,red
721,red
722,orange
723,orange
724,red
725,orange
726,orange
727,red
728,red
729,red
730,orange
731,red
732,red
733,orange
734,red
735,red
736,red
737,red
738,red
739,red
740,red
741,red
742,orange
743,red
744,red
745,red
746,orange
747,orange
748,red
749,red
750,red
751,red
752,orange
753,red
754,red
755,orange
756,red
757,red
758,red
759,red
760,red
761,orange
762,red
763,orange
764,red
765,red
766,orange
767,red
768,red
769,red
770,orange
771,red
772,red
773,red
774,red
775,red
776,red
777,orange
778,orange
779,red
780,red
781,orange
782,red
783,orange
784,red
785,red
786,orange
787,orange
788,red
789,red
790,red
791,orange
792,red
793,orange
794,orange
795,red
796,orange
797,red
798,orange
799,red
800,orange
801,red
802,red
803,red
804,orange
805,red
806,red
807,red
808,red
809,red
810,red
811,red
812,red
813,red
814,red
815,red
816,red
817,orange
818,red
819,orange
820,orange
821,orange
822,red
823,red
824,orange
825,orange
826,red
827,red
828,red
829,red
830,orange
831,orange
832,red
833,red
834,red
835,orange
836,red
837,red
838,red
839,red
840,orange
841,red
842,red
843,red
844,orange
845,orange
846,orange
847,red
848,red
849,orange
850,orange
851,orange
852,red
853,red
854,red
855,orange
856,orange
857,orange
858,red
859,red
860,red
861,orange
862,red
863,red
864,orange
865,red
866,orange
867,red
868,red
869,red
870,red
871,red
872,orange
873,red
874,red
875,orange
876,red
877,red
878,orange
879,red
880,red
881,red
882,red
883,red
884,orange
885,orange
886,red
887,red
888,red
889,red
890,red
891,red
892,red
893,red
894,orange
895,red
896,red
897,red
898,red
899,red
900,red
901,orange
902,red
903,orange
904,red
905,red
906,red
907,red
908,orange
909,red
910,red
911,red
912,orange
913,red
914,orange
915,red
916,red
917,red
918,red
919,red
920,orange
921,red
922,orange
923,red
924,orange
925,red
926,red
927,red
928,red
929,orange
930,red
931,red
932,orange
933,red
934,red
935,red
936,orange
937,red
938,orange
939,orange
940,red
941,orange
942,red
943,orange
944,orange
945,red
946,red
947,orange
948,red
949,orange
950,orange
951,orange
952,orange
953,orange
954,orange
955,red
956,orange
957,red
958,red
959,red
960,red
961,red
962,red
963,orange
964,orange
965,red
966,red
967,red
968,orange
969,red
970,orange
971,red
972,red
973,orange
974,orange
975,red
976,red
977,red
978,orange
979,red
980,red
981,red
982,orange
983,red
984,red
985,red
986,orange
987,orange
988,red
989,orange
990,red
991,red
992,red
993,red
994,red
995,orange
996,red
997,red
998,red
999,orange
1000,orange
1001,red
1002,red
1003,red
1004,orange
1005,red
1006,red
1007,red
1008,red
1009,orange
1010,red
1011,red
1012,red
1013,red
1014,red
1015,orange
1016,red
1017,red
1018,red
1019,red
1020,orange
1021,red
1022,red
1023,orange
1024,red
1025,red
1026,orange
1027,red
1028,orange
1029,red
1030,red
1031,red
1032,red
1033,red
1034,red
1035,red
1036,orange
1037,red
1038,red
1039,red
1040,red
1041,orange
1042,red
1043,orange
1044,red
1045,orange
1046,red
1047,red
1048,red
1049,orange
1050,red
1051,orange
1052,orange
1053,red
1054,red
1055,orange
1056,red
1057,red
1058,red
1059,red
1060,red
1061,orange
1062,red
1063,red
1064,red
1065,red
1066,red
1067,red
1068,red
1069,red
1070,orange
1071,red
1072,red
1073,red
1074,red
1075,orange
1076,orange
1077,red
1078,orange
1079,orange
1080,red
1081,red
1082,red
1083,red
1084,red
1085,red
1086,red
1087,red
1088,red
1089,red
1090,red
1091,orange
1092,red
1093,orange
1094,red
1095,red
1096,orange
1097,orange
1098,red
1099,red
1100,red
1101,red
1102,red
1103,red
1104,red
1105,orange
1106,orange
1107,orange
1108,orange
1109,red
1110,red
1111,red
1112,red
1113,red
1114,red
1115,red
1116,orange
1117,red
1118,orange
1119,red
1120,orange
1121,orange
1122,orange
1123,orange
1124,red
1125,red
1126,red
1127,orange
1128,orange
1129,red
1130,red
1131,orange
1132,red
1133,red
1134,red
1135,orange
1136,red
1137,red
1138,red
1139,red
1140,red
1141,orange
1142,red
1143,red
1144,red
1145,red
1146,orange
1147,orange
1148,red
1149,red
1150,red
1151,red
1152,red
1153,red
1154,red
1155,red
1156,red
1157,red
1158,red
1159,orange
1160,red
1161,red
1162,red
1163,red
1164,red
1165,red
1166,red
1167,red
1168,red
1169,red
1170,red
1171,red
1172,red
1173,red
1174,red
1175,red
1176,orange
1177,red
1178,red
1179,orange
1180,red
1181,orange
1182,orange
1183,red
1184,orange
1185,red
1186,red
1187,orange
1188,orange
1189,red
1190,red
1191,orange
1192,red
1193,red
1194,red
1195,red
1196,orange
1197,red
1198,orange
1199,orange
1200,red
1201,orange
1202,red
1203,red
1204,red
1205,red
1206,red
1207,red
1208,red
1209,red
1210,red
1211,red
1212,red
1213,orange
1214,red
1215,orange
1216,orange
1217,orange
1218,red
1219,red
1220,red
1221,red
1222,orange
1223,red
1224,red
1225,orange
1226,red
1227,orange
1228,orange
1229,red
1230,orange
1231,red
1232,red
1233,red
1234,orange
1235,red
1236,red
1237,red
1238,red
1239,red
1240,red
1241,red
1242,red
1243,red
1244,red
1245,red
1246,orange
1247,red
1248,orange
1249,orange
1250,red
1251,red
1252,red
1253,red
1254,orange
1255,orange
1256,red
1257,orange
1258,red
1259,red
1260,red
1261,red
1262,red
1263,red
1264,orange
1265,red
1266,orange
1267,red
1268,red
1269,red
1270,red
1271,red
1272,red
1273,red
1274,red
1275,red
1276,red
1277,red
1278,red
1279,orange
1280,red
1281,red
1282,red
1283,red
1284,red
1285,orange
1286,red
1287,orange
1288,orange
1289,red
1290,red
1291,red
1292,red
1293,orange
1294,red
1295,red
1296,red
1297,orange
1298,red
1299,red
1300,orange
1301,orange
1302,red
1303,orange
1304,orange
1305,red
1306,red
1307,red
1308,red
1309,red
1310,red
1311,red
1312,red
1313,orange
1314,red
1315,red
1316,red
1317,red
1318,orange
1319,red
1320,orange
1321,orange
1322,orange
1323,red
1324,red
1325,orange
1326,red
1327,red
1328,red
1329,orange
1330,orange
1331,orange
1332,red
1333,red
1334,red
1335,red
1336,red
1337,red
1338,red
1339,orange
1340,red
1341,red
1342,red
1343,orange
1344,red
1345,orange
1346,red
1347,orange
1348,orange
1349,red
1350,red
1351,red
1352,red
1353,orange
1354,orange
1355,orange
1356,red
1357,red
1358,red
1359,orange
1360,red
1361,red
1362,orange
1363,orange
1364,red
1365,orange
1366,red
1367,orange
1368,red
1369,red
1370,orange
1371,red
1372,red
1373,red
1374,red
1375,red
1376,red
1377,red
1378,orange
1379,red
1380,red
1381,orange
1382,orange
1383,red
1384,orange
1385,red
1386,red
1387,orange
1388,red
1389,red
1390,orange
1391,red
1392,red
1393,red
1394,red
1395,orange
1396,red
1397,orange
1398,red
1399,red
1400,red
1401,red
1402,red
1403,red
1404,orange
1405,red
1406,red
1407,orange
1408,red
1409,red
1410,red
1411,red
1412,red
1413,red
1414,red
1415,red
1416,red
1417,red
1418,red
1419,orange
1420,red
1421,red
1422,red
1423,orange
1424,red
1425,red
1426,red
1427,red
1428,orange
1429,red
1430,red
1431,orange
1432,red
1433,orange
1434,red
1435,orange
1436,orange
1437,red
1438,red
1439,red
1440,orange
1441,red
1442,orange
1443,red
1444,red
1445,red
1446,orange
1447,red
1448,orange
1449,red
1450,red
1451,red
1452,red
1453,red
1454,orange
1455,red
1456,orange
1457,red
1458,red
1459,orange
1460,red
1461,red
1462,orange
1463,orange
1464,red
1465,red
1466,red
1467,orange
1468,orange
1469,orange
1470,red
1471,orange
1472,red
1473,red
1474,orange
1475,red
1476,orange
1477,orange
1478,red
1479,red
1480,orange
1481,red
1482,red
1483,red
1484,red
1485,red
1486,red
1487,red
1488,red
1489,red
1490,red
1491,orange
1492,red
1493,orange
1494,red
1495,orange
1496,orange
1497,red
1498,red
1499,red
1500,orange
1501,red
1502,orange
1503,red
1504,red
1505,orange
1506,red
1507,red
1508,orange
1509,red
1510,red
1511,red
1512,red
1513,red
1514,orange
1515,red
1516,orange
1517,red
1518,red
1519,red
1520,red
1521,red
1522,red
1523,orange
1524,red
1525,red
1526,red
1527,red
1528,red
1529,red
1530,orange
1531,red
1532,orange
1533,red
1534,red
1535,orange
1536,red
1537,orange
1538,red
1539,red
1540,red
1541,orange
1542,red
1543,red
1544,red
1545,red
1546,orange
1547,orange
1548,orange
1549,orange
1550,red
1551,orange
1552,red
1553,red
1554,red
1555,red
1556,orange
1557,red
1558,red
1559,red
1560,orange
1561,red
1562,red
1563,red
1564,red
1565,orange
1566,orange
1567,red
1568,orange
1569,orange
1570,red
1571,orange
1572,red
1573,red
1574,red
1575,red
1576,orange
1577,orange
1578,red
1579,red
1580,orange
1581,red
1582,orange
1583,red
1584,red
1585,red
1586,red
1587,red
1588,orange
1589,red
1590,orange
1591,orange
1592,orange
1593,red
1594,red
1595,red
1596,red
1597,red
1598,red
1599,red
1600,red
1601,orange
1602,red
1603,red
1604,orange
1605,red
1606,orange
1607,red
1608,orange
1609,red
1610,red
1611,red
1612,red
1613,red
1614,orange
1615,red
1616,red
1617,red
1618,red
1619,red
1620,orange
1621,red
1622,orange
1623,red
1624,red
1625,red
1626,red
1627,red
1628,red
1629,red
1630,red
1631,red
1632,orange
1633,orange
1634,orange
1635,orange
1636,red
1637,red
1638,red
1639,red
1640,red
1641,red
1642,red
1643,red
1644,red
1645,red
1646,red
1647,red
1648,orange
1649,red
1650,red
1651,red
1652,red
1653,orange
1654,red
1655,red
1656,red
1657,red
1658,red
1659,orange
1660,red
1661,orange
1662,red
1663,red
1664,red
1665,red
1666,orange
1667,red
1668,red
1669,red
1670,orange
1671,red
1672,orange
1673,orange
1674,orange
1675,red
1676,red
1677,red
1678,red
1679,red
1680,red
1681,red
1682,orange
1683,red
1684,orange
1685,red
1686,red
1687,orange
1688,red
1689,orange
1690,red
1691,orange
1692,orange
1693,red
1694,red
1695,red
1696,red
1697,red
1698,red
1699,red
1700,red
1701,red
1702,red
1703,red
1704,red
1705,red
1706,orange
1707,orange
1708,red
1709,red
1710,orange
1711,red
1712,orange
1713,red
1714,orange
1715,red
1716,red
1717,orange
1718,red
1719,orange
1720,orange
1721,red
1722,red
1723,red
1724,orange
1725,orange
1726,orange
1727,red
1728,orange
1729,red
1730,red
1731,red
1732,red
1733,orange
1734,red
1735,red
1736,red
1737,orange
1738,red
1739,red
1740,red
1741,red
1742,red
1743,red
1744,orange
1745,orange
1746,orange
1747,orange
1748,red
1749,red
1750,red
1751,red
1752,red
1753,red
1754,red
1755,red
1756,orange
1757,red
1758,red
1759,orange
1760,orange
1761,red
1762,red
1763,red
1764,red
1765,red
1766,red
1767,red
1768,orange
1769,red
1770,red
1771,red
1772,orange
1773,red
1774,red
1775,orange
1776,orange
1777,red
1778,red
1779,red
1780,red
1781,orange
1782,orange
1783,orange
1784,orange
1785,red
1786,red
1787,orange
1788,red
1789,red
1790,red
1791,red
1792,red
1793,red
1794,orange
1795,red
1796,red
1797,red
1798,red
1799,red
1800,red
1801,red
1802,red
1803,red
1804,red
1805,orange
1806,red
1807,orange
1808,red
1809,red
1810,orange
1811,red
1812,orange
1813,orange
1814,red
1815,red
1816,orange
1817,red
1818,red
1819,orange
1820,red
1821,red
1822,red
1823,orange
1824,orange
1825,orange
1826,red
1827,orange
1828,red
1829,orange
1830,orange
1831,red
1832,red
1833,orange
1834,orange
1835,orange
1836,orange
1837,red
1838,red
1839,red
1840,orange
1841,red
1842,orange
1843,red
1844,red
1845,orange
1846,orange
1847,red
1848,red
1849,red
1850,red
1851,red
1852,red
1853,red
1854,orange
1855,orange
1856,red
1857,orange
1858,red
1859,orange
1860,orange
1861,orange
1862,red
1863,red
1864,red
1865,red
1866,red
1867,red
1868,red
1869,red
1870,red
1871,orange
1872,orange
1873,red
1874,orange
1875,red
1876,red
1877,red
1878,red
1879,red
1880,red
1881,red
1882,red
1883,orange
1884,orange
1885,red
1886,red
1887,orange
1888,red
1889,red
1890,red
1891,red
1892,red
1893,orange
1894,red
1895,red
1896,red
1897,red
1898,red
1899,red
1900,red
1901,red
1902,orange
1903,orange
1904,red
1905,red
1906,orange
1907,red
1908,red
1909,red
1910,red
1911,red
1912,red
1913,red
1914,red
1915,red
1916,red
1917,red
1918,red
1919,red
1920,red
1921,orange
1922,red
1923,red
1924,red
1925,red
1926,red
1927,orange
1928,orange
1929,red
1930,orange
1931,orange
1932,red
1933,red
1934,red
1935,red
1936,orange
1937,orange
1938,red
1939,orange
1940,red
1941,red
1942,orange
1943,orange
1944,orange
1945,red
1946,red
1947,orange
1948,red
1949,orange
1950,orange
1951,red
1952,red
1953,red
1954,red
1955,red
1956,red
1957,red
1958,red
1959,red
1960,orange
1961,red
1962,red
1963,red
1964,red
1965,red
1966,red
1967,red
1968,orange
1969,red
1970,red
1971,red
1972,orange
1973,orange
1974,red
1975,orange
1976,red
1977,orange
1978,orange
1979,red
1980,red
1981,red
1982,red
1983,red
1984,orange
1985,red
1986,orange
1987,red
1988,red
1989,red
1990,orange
1991,red
1992,red
1993,red
1994,orange
1995,orange
1996,red
1997,red
1998,red
1999,red
2000,red
2001,red
2002,red
2003,red
2004,red
2005,red
2006,orange
2007,orange
2008,orange
2009,red
2010,red
2011,red
2012,orange
2013,orange
2014,red
2015,orange
2016,red
2017,red
2018,red
2019,red
2020,orange
2021,red
2022,orange
2023,red
2024,orange
2025,orange
2026,orange
2027,red
2028,orange
2029,red
2030,red
2031,red
2032,red
2033,red
2034,orange
2035,orange
2036,red
2037,orange
2038,red
2039,red
2040,red
2041,red
2042,orange
2043,red
2044,orange
2045,orange
2046,red
2047,red
2048,orange
2049,red
2050,orange
2051,red
2052,orange
2053,orange
2054,red
2055,orange
2056,red
2057,red
2058,red
2059,red
2060,orange
2061,red
2062,orange
2063,red
2064,red
2065,red
2066,red
2067,red
2068,red
2069,red
2070,orange
2071,red
2072,orange
2073,orange
2074,red
2075,red
2076,red
2077,red
2078,red
2079,red
2080,orange
2081,red
2082,red
2083,red
2084,red
2085,red
2086,orange
2087,red
2088,red
2089,red
2090,red
2091,orange
2092,orange
2093,red
2094,red
2095,red
2096,orange
2097,red
2098,orange
2099,red
2100,orange
2101,red
2102,red
2103,red
2104,red
2105,orange
2106,orange
2107,red
2108,orange
2109,red
2110,orange
2111,red
2112,orange
2113,red
2114,red
2115,red
2116,red
2117,red
2118,red
2119,red
2120,red
2121,red
2122,red
2123,red
2124,red
2125,red
2126,orange
2127,red
2128,orange
2129,red
2130,orange
2131,orange
2132,red
2133,red
2134,red
2135,red
2136,red
2137,orange
2138,red
2139,red
2140,red
2141,red
2142,red
2143,orange
2144,red
2145,red
2146,orange
2147,red
2148,orange
2149,orange
2150,red
2151,red
2152,red
2153,red
2154,red
2155,red
2156,red
2157,red
2158,orange
2159,red
2160,orange
2161,red
2162,red
2163,red
2164,red
2165,orange
2166,orange
2167,red
2168,red
2169,red
2170,orange
2171,orange
2172,red
2173,red
2174,orange
2175,red
2176,orange
2177,red
2178,orange
2179,orange
2180,red
2181,red
2182,red
2183,red
2184,orange
2185,red
2186,orange
2187,red
2188,orange
2189,red
2190,orange
2191,orange
2192,red
2193,orange
2194,red
2195,red
2196,orange
2197,red
2198,orange
2199,orange
2200,red
2201,orange
2202,red
2203,red
2204,orange
2205,red
2206,red
2207,orange
2208,red
2209,red
2210,red
2211,red
2212,red
2213,orange
2214,orange
2215,red
2216,red
2217,orange
2218,red
2219,orange
2220,red
2221,red
2222,red
2223,red
2224,red
2225,red
2226,red
2227,red
2228,red
2229,red
2230,red
2231,red
2232,red
2233,red
2234,red
2235,red
2236,red
2237,red
2238,red
2239,red
2240,orange
2241,orange
2242,orange
2243,red
2244,red
2245,red
2246,red
2247,red
2248,red
2249,red
2250,red
2251,red
2252,red
2253,red
2254,red
2255,red
2256,red
2257,red
2258,red
2259,red
2260,red
2261,orange
2262,red
2263,red
2264,orange
2265,red
2266,red
2267,orange
2268,orange
2269,orange
2270,red
2271,red
2272,orange
2273,red
2274,red
2275,orange
2276,orange
2277,red
2278,red
2279,red
2280,red
2281,red
2282,red
2283,orange
2284,red
2285,red
2286,red
2287,red
2288,red
2289,red
2290,red
2291,orange
2292,red
2293,orange
2294,red
2295,red
2296,red
2297,orange
2298,orange
2299,red
2300,red
2301,red
2302,red
2303,red
2304,orange
2305,orange
2306,red
2307,orange
2308,red
2309,red
2310,red
2311,orange
2312,red
2313,red
2314,orange
2315,red
2316,orange
2317,red
2318,red
2319,red
2320,orange
2321,red
2322,red
2323,red
2324,red
2325,orange
2326,red
2327,red
2328,orange
2329,orange
2330,red
2331,red
2332,red
2333,red
2334,red
2335,red
2336,red
2337,red
2338,red
2339,orange
2340,red
2341,red
2342,red
2343,red
2344,red
2345,red
2346,orange
2347,red
2348,orange
2349,red
2350,red
2351,red
2352,red
2353,red
2354,red
2355,red
2356,red
2357,red
2358,red
2359,orange
2360,red
2361,orange
2362,red
2363,red
2364,red
2365,orange
2366,red
2367,red
2368,red
2369,red
2370,orange
2371,red
2372,red
2373,red
2374,red
2375,red
2376,red
2377,red
2378,red
2379,red
2380,red
2381,orange
2382,red
2383,orange
2384,orange
2385,red
2386,red
2387,orange
2388,red
2389,red
2390,red
2391,red
2392,orange
2393,red
2394,red
2395,red
2396,red
2397,red
2398,red
2399,orange
2400,red
2401,orange
2402,orange
2403,red
2404,red
2405,red
2406,red
2407,red
2408,red
2409,red
2410,red
2411,red
2412,red
2413,red
2414,red
2415,red
2416,red
2417,red
2418,red
2419,orange
2420,red
2421,red
2422,red
2423,red
2424,red
2425,red
2426,red
2427,red
2428,red
2429,orange
2430,orange
2431,red
2432,red
2433,red
2434,red
2435,orange
2436,red
2437,red
2438,red
2439,orange
2440,red
2441,red
2442,red
2443,red
2444,red
2445,orange
2446,orange
2447,red
2448,red
2449,red
2450,orange
2451,orange
2452,red
2453,orange
2454,red
2455,orange
2456,red
2457,orange
2458,red
2459,orange
2460,orange
2461,red
2462,orange
2463,red
2464,red
2465,orange
2466,red
2467,orange
2468,orange
2469,red
2470,orange
2471,red
2472,red
2473,orange
2474,red
2475,red
2476,red
2477,red
2478,red
2479,red
2480,red
2481,red
2482,red
2483,red
2484,orange
2485,red
2486,red
2487,orange
2488,orange
2489,red
2490,red
2491,orange
2492,orange
2493,orange
2494,orange
2495,orange
2496,red
2497,orange
2498,red
2499,orange
2500,orange
2501,orange
2502,red
2503,red
2504,red
2505,red
2506,red
2507,red
2508,red
2509,orange
2510,red
2511,red
2512,red
2513,orange
2514,red
2515,orange
2516,red
2517,red
2518,orange
2519,orange
2520,orange
2521,red
2522,red
2523,red
2524,red
2525,red
2526,red
2527,red
2528,red
2529,red
2530,orange
2531,red
2532,red
2533,red
2534,red
2535,red
2536,red
2537,red
2538,red
2539,orange
2540,red
2541,red
2542,orange
2543,red
2544,red
2545,orange
2546,red
2547,red
2548,red
2549,red
2550,red
2551,orange
2552,red
2553,red
2554,red
2555,red
2556,orange
2557,red
2558,red
2559,red
2560,red
2561,red
2562,red
2563,orange
2564,red
2565,red
2566,red
2567,red
2568,red
2569,red
2570,red
2571,orange
2572,orange
2573,red
2574,red
2575,red
2576,red
2577,orange
2578,red
2579,red
2580,orange
2581,red
2582,orange
2583,orange
2584,red
2585,orange
2586,red
2587,red
2588,red
2589,red
2590,red
2591,orange
2592,red
2593,red
2594,red
2595,red
2596,orange
2597,red
2598,red
2599,orange
2600,red
2601,red
2602,orange
2603,red
2604,red
2605,red
2606,red
2607,red
2608,red
2609,red
2610,orange
2611,red
2612,orange
2613,red
2614,red
2615,red
2616,red
2617,orange
2618,red
2619,red
2620,orange
2621,orange
2622,red
2623,red
2624,red
2625,red
2626,red
2627,orange
2628,orange
2629,orange
2630,red
2631,orange
2632,red
2633,red
2634,red
2635,orange
2636,orange
2637,orange
2638,red
2639,red
2640,red
2641,red
2642,red
2643,orange
2644,red
2645,red
2646,red
2647,red
2648,orange
2649,red
2650,red
2651,red
2652,red
2653,red
2654,red
2655,red
2656,orange
2657,red
2658,red
2659,red
2660,orange
2661,red
2662,red
2663,red
2664,orange
2665,orange
2666,red
2667,red
2668,red
2669,red
2670,red
2671,red
2672,orange
2673,orange
2674,red
2675,orange
2676,orange
2677,red
2678,orange
2679,red
2680,orange
2681,orange
2682,red
2683,red
2684,orange
2685,red
2686,orange
2687,orange
2688,red
2689,orange
2690,red
2691,red
2692,orange
2693,red
2694,red
2695,red
2696,red
2697,red
2698,red
2699,red
2700,red
2701,red
2702,red
2703,orange
2704,red
2705,red
2706,red
2707,orange
2708,red
2709,red
2710,red
2711,red
2712,orange
2713,orange
2714,red
2715,orange
2716,orange
2717,red
2718,red
2719,red
2720,orange
2721,red
2722,red
2723,red
2724,red
2725,orange
2726,red
2727,orange
2728,orange
2729,orange
2730,red
2731,red
2732,red
2733,orange
2734,red
2735,red
2736,red
2737,red
2738,red
2739,red
2740,red
2741,red
2742,red
2743,red
2744,orange
2745,red
2746,orange
2747,orange
2748,red
2749,red
2750,red
2751,red
2752,red
2753,orange
2754,orange
2755,orange
2756,red
2757,red
2758,orange
2759,orange
2760,red
2761,red
2762,red
2763,red
2764,red
2765,orange
2766,orange
2767,red
2768,orange
2769,orange
2770,red
2771,orange
2772,red
2773,orange
2774,red
2775,red
2776,red
2777,orange
2778,red
2779,red
2780,red
2781,orange
2782,red
2783,red
2784,red
2785,orange
2786,orange
2787,orange
2788,red
2789,red
2790,red
2791,red
2792,orange
2793,red
2794,red
2795,red
2796,red
2797,red
2798,red
2799,orange
2800,red
2801,red
2802,red
2803,red
2804,red
2805,red
2806,orange
2807,red
2808,red
2809,orange
2810,red
2811,red
2812,red
2813,red
2814,red
2815,red
2816,red
2817,orange
2818,red
2819,red
2820,red
2821,orange
2822,red
2823,red
2824,orange
2825,red
2826,red
2827,orange
2828,orange
2829,red
2830,orange
2831,red
2832,red
2833,red
2834,red
2835,red
2836,orange
2837,red
2838,red
2839,orange
2840,red
2841,red
2842,orange
2843,orange
2844,red
2845,red
2846,red
2847,red
2848,red
2849,orange
2850,red
2851,red
2852,red
2853,red
2854,red
2855,red
2856,red
2857,orange
2858,red
2859,red
2860,red
2861,red
2862,red
2863,red
2864,red
2865,red
2866,red
2867,red
2868,orange
2869,red
2870,red
2871,orange
2872,orange
2873,orange
2874,orange
2875,red
2876,red
2877,red
2878,orange
2879,red
2880,red
2881,red
2882,red
2883,red
2884,orange
2885,orange
2886,red
2887,orange
2888,red
2889,orange
2890,orange
2891,orange
2892,red
2893,red
2894,red
2895,orange
2896,orange
2897,red
2898,orange
2899,red
2900,orange
2901,orange
2902,red
2903,orange
2904,orange
2905,red
2906,red
2907,orange
2908,red
2909,orange
2910,red
2911,orange
2912,orange
2913,red
2914,red
2915,red
2916,orange
2917,orange
2918,red
2919,red
2920,red
2921,red
2922,red
2923,red
2924,red
2925,red
2926,orange
2927,red
2928,red
2929,orange
2930,orange
2931,orange
2932,red
2933,red
2934,red
2935,orange
2936,orange
2937,orange
2938,orange
2939,orange
2940,red
2941,orange
2942,red
2943,red
2944,red
2945,red
2946,red
2947,orange
2948,orange
2949,orange
2950,red
2951,red
2952,orange
2953,red
2954,orange
2955,orange
2956,red
2957,red
2958,red
2959,red
2960,red
2961,red
2962,orange
2963,orange
2964,orange
2965,red
2966,orange
2967,orange
2968,red
2969,red
2970,orange
2971,orange
2972,red
2973,red
2974,orange
2975,red
2976,orange
2977,red
2978,orange
2979,red
2980,orange
2981,red
2982,orange
2983,red
2984,orange
2985,red
2986,red
2987,red
2988,red
2989,red
2990,red
2991,red
2992,red
2993,orange
2994,orange
2995,orange
2996,red
2997,red
2998,red
2999,red
3000,red
3001,orange
3002,red
3003,red
3004,red
3005,red
3006,orange
3007,red
3008,red
3009,orange
3010,red
3011,red
3012,red
3013,orange
3014,red
3015,orange
3016,red
3017,red
3018,red
3019,red
3020,red
3021,orange
3022,red
3023,orange
3024,red
3025,red
3026,red
3027,red
3028,red
3029,orange
3030,orange
3031,red
3032,red
3033,red
3034,red
3035,red
3036,orange
3037,red
3038,red
3039,red
3040,red
3041,red
3042,red
3043,red
3044,red
3045,red
3046,red
3047,red
3048,orange
3049,red
3050,red
3051,red
3052,red
3053,red
3054,red
3055,red
3056,orange
3057,red
3058,red
3059,red
3060,red
3061,red
3062,red
3063,red
3064,orange
3065,red
3066,red
3067,red
3068,red
3069,orange
3070,red
3071,red
3072,orange
3073,orange
3074,red
3075,red
3076,orange
3077,red
3078,orange
3079,red
3080,red
3081,orange
3082,orange
3083,red
3084,orange
3085,orange
3086,red
3087,red
3088,red
3089,orange
3090,red
3091,orange
3092,orange
3093,orange
3094,red
3095,red
3096,orange
3097,red
3098,orange
3099,red
3100,orange
3101,red
3102,orange
3103,orange
3104,red
3105,red
3106,red
3107,red
3108,red
3109,red
3110,orange
3111,orange
3112,red
3113,red
3114,red
3115,red
3116,red
3117,red
3118,orange
3119,orange
3120,orange
3121,red
3122,red
3123,red
3124,red
3125,red
3126,red
3127,red
3128,red
3129,red
3130,red
3131,red
3132,red
3133,red
3134,red
3135,red
3136,orange
3137,red
3138,red
3139,orange
3140,orange
3141,orange
3142,red
3143,orange
3144,red
3145,red
3146,red
3147,red
3148,red
3149,orange
3150,red
3151,orange
3152,red
3153,orange
3154,red
3155,red
3156,red
3157,red
3158,red
3159,orange
3160,orange
3161,orange
3162,orange
3163,orange
3164,red
3165,red
3166,red
3167,red
3168,red
3169,orange
3170,orange
3171,red
3172,red
3173,orange
3174,orange
3175,red
3176,red
3177,orange
3178,orange
3179,red
3180,orange
3181,red
3182,red
3183,red
3184,red
3185,red
3186,red
3187,red
3188,orange
3189,red
3190,red
3191,red
3192,orange
3193,orange
3194,red
3195,red
3196,red
3197,red
3198,red
3199,orange
3200,orange
3201,red
3202,red
3203,red
3204,red
3205,red
3206,orange
3207,orange
3208,red
3209,orange
3210,red
3211,red
3212,red
3213,red
3214,orange
3215,red
3216,orange
3217,red
3218,red
3219,red
3220,red
3221,red
3222,red
3223,red
3224,orange
3225,red
3226,red
3227,red
3228,red
3229,orange
3230,red
3231,red
3232,red
3233,red
3234,red
3235,red
3236,orange
3237,red
3238,orange
3239,red
3240,orange
3241,orange
3242,red
3243,red
3244,orange
3245,orange
3246,orange
3247,orange
3248,red
3249,red
3250,red
3251,orange
3252,red
3253,orange
3254,red
3255,red
3256,red
3257,red
3258,orange
3259,red
3260,red
3261,orange
3262,red
3263,red
3264,orange
3265,orange
3266,red
3267,red
3268,orange
3269,orange
3270,orange
3271,red
3272,red
3273,red
3274,red
3275,orange
3276,orange
3277,red
3278,red
3279,red
3280,red
3281,red
3282,orange
3283,red
3284,orange
3285,red
3286,red
3287,red
3288,orange
3289,red
3290,orange
3291,red
3292,orange
3293,red
3294,orange
3295,red
3296,orange
3297,red
3298,red
3299,red
3300,orange
3301,red
3302,red
3303,red
3304,red
3305,orange
3306,red
3307,red
3308,orange
3309,orange
3310,red
3311,red
3312,red
3313,red
3314,red
3315,red
3316,orange
3317,red
3318,orange
3319,red
3320,orange
3321,red
3322,red
3323,red
3324,red
3325,orange
3326,red
3327,red
3328,red
3329,red
3330,red
3331,red
3332,orange
3333,red
3334,red
3335,red
3336,red
3337,red
3338,red
3339,red
3340,red
3341,red
3342,red
3343,orange
3344,red
3345,red
3346,orange
3347,red
3348,red
3349,orange
3350,orange
3351,red
3352,orange
3353,red
3354,red
3355,orange
3356,orange
3357,red
3358,red
3359,orange
3360,red
3361,orange
3362,red
3363,red
3364,red
3365,red
3366,red
3367,orange
3368,red
3369,red
3370,red
3371,orange
3372,red
3373,red
3374,red
3375,red
3376,red
3377,red
3378,red
3379,red
3380,red
3381,red
3382,red
3383,red
3384,red
3385,red
3386,red
3387,red
3388,red
3389,orange
3390,red
3391,orange
3392,red
3393,red
3394,red
3395,red
3396,red
3397,red
3398,red
3399,red
3400,orange
3401,red
3402,red
3403,red
3404,red
3405,orange
3406,red
3407,red
3408,red
3409,orange
3410,orange
3411,red
3412,red
3413,red
3414,red
3415,orange
3416,red
3417,red
3418,red
3419,orange
3420,red
3421,red
3422,red
3423,red
3424,red
3425,red
3426,orange
3427,red
3428,orange
3429,red
3430,orange
3431,red
3432,orange
3433,red
3434,red
3435,red
3436,red
3437,red
3438,orange
3439,red
3440,orange
3441,red
3442,red
3443,orange
3444,red
3445,red
3446,orange
3447,orange
3448,red
3449,orange
3450,red
3451,red
3452,red
3453,orange
3454,red
3455,red
3456,red
3457,orange
3458,red
3459,red
3460,red
3461,red
3462,red
3463,red
3464,orange
3465,orange
3466,red
3467,orange
3468,red
3469,red
3470,red
3471,red
3472,red
3473,orange
3474,red
3475,orange
3476,red
3477,red
3478,orange
3479,red
3480,red
3481,red
3482,orange
3483,red
3484,red
3485,red
3486,red
3487,red
3488,red
3489,orange
3490,red
3491,orange
3492,red
3493,red
3494,red
3495,orange
3496,orange
3497,orange
3498,red
3499,red
3500,red
3501,orange
3502,red
3503,red
3504,red
3505,red
3506,red
3507,red
3508,orange
3509,red
3510,orange
3511,red
3512,red
3513,red
3514,red
3515,red
3516,red
3517,red
3518,red
3519,red
3520,red
3521,red
3522,red
3523,red
3524,red
3525,red
3526,orange
3527,red
3528,red
3529,red
3530,red
3531,red
3532,red
3533,red
3534,red
3535,orange
3536,red
3537,orange
3538,red
3539,red
3540,orange
3541,orange
3542,red
3543,red
3544,orange
3545,red
3546,red
3547,red
3548,orange
3549,orange
3550,red
3551,red
3552,red
3553,orange
3554,red
3555,red
3556,orange
3557,orange
3558,red
3559,red
3560,orange
3561,orange
3562,red
3563,orange
3564,red
3565,red
3566,orange
3567,red
3568,red
3569,red
3570,red
3571,orange
3572,orange
3573,red
3574,red
3575,orange
3576,red
3577,red
3578,orange
3579,red
3580,red
3581,red
3582,orange
3583,red
3584,red
3585,orange
3586,orange
3587,orange
3588,red
3589,orange
3590,orange
3591,red
3592,red
3593,red
3594,orange
3595,orange
3596,red
3597,orange
3598,orange
3599,orange
3600,orange
3601,red
3602,red
3603,red
3604,red
3605,red
3606,red
3607,orange
3608,red
3609,orange
3610,red
3611,red
3612,red
3613,red
3614,red
3615,red
3616,red
3617,red
3618,red
3619,orange
3620,orange
3621,red
3622,orange
3623,orange
3624,red
3625,red
3626,red
3627,red
3628,red
3629,orange
3630,red
3631,red
3632,red
3633,orange
3634,red
3635,red
3636,orange
3637,red
3638,orange
3639,red
3640,orange
3641,orange
3642,orange
3643,orange
3644,red
3645,red
3646,orange
3647,orange
3648,red
3649,red
3650,orange
3651,red
3652,orange
3653,orange
3654,red
3655,red
3656,red
3657,red
3658,red
3659,orange
3660,orange
3661,orange
3662,orange
3663,orange
3664,red
3665,orange
3666,red
3667,red
3668,orange
3669,orange
3670,red
3671,red
3672,red
3673,red
3674,red
3675,red
3676,red
3677,red
3678,red
3679,red
3680,red
3681,red
3682,red
3683,orange
3684,red
3685,red
3686,red
3687,red
3688,orange
3689,red
3690,red
3691,red
3692,red
3693,red
3694,orange
3695,red
3696,red
3697,red
3698,red
3699,red
3700,red
3701,red
3702,red
3703,red
3704,red
3705,red
3706,red
3707,red
3708,orange
3709,red
3710,orange
3711,orange
3712,orange
3713,red
3714,red
3715,red
3716,orange
3717,red
3718,red
3719,orange
3720,red
3721,red
3722,orange
3723,orange
3724,red
3725,red
3726,red
3727,orange
3728,orange
3729,red
3730,orange
3731,red
3732,red
3733,orange
3734,red
3735,red
3736,orange
3737,red
3738,orange
3739,red
3740,red
3741,red
3742,red
3743,orange
3744,orange
3745,red
3746,red
3747,red
3748,orange
3749,orange
3750,orange
3751,red
3752,orange
3753,orange
3754,red
3755,red
3756,red
3757,red
3758,red
3759,orange
3760,red
3761,red
3762,red
3763,red
3764,red
3765,red
3766,red
3767,red
3768,red
3769,red
3770,red
3771,red
3772,orange
3773,red
3774,orange
3775,red
3776,orange
3777,red
3778,orange
3779,red
3780,red
3781,orange
3782,red
3783,red
3784,red
3785,red
3786,red
3787,red
3788,red
3789,orange
3790,red
3791,orange
3792,red
3793,red
3794,orange
3795,orange
3796,orange
3797,red
3798,orange
3799,red
3800,red
3801,red
3802,red
3803,red
3804,red
3805,orange
3806,red
3807,orange
3808,orange
3809,red
3810,red
3811,red
3812,red
3813,red
3814,red
3815,orange
3816,red
3817,red
3818,orange
3819,orange
3820,orange
3821,orange
3822,orange
3823,red
3824,red
3825,red
3826,red
3827,red
3828,orange
3829,red
3830,red
3831,red
3832,red
3833,red
3834,red
3835,orange
3836,red
3837,red
3838,red
3839,red
3840,red
3841,red
3842,red
3843,red
3844,red
3845,red
3846,red
3847,red
3848,orange
3849,red
3850,orange
3851,red
3852,orange
3853,orange
3854,red
3855,red
3856,red
3857,red
3858,red
3859,red
3860,orange
3861,orange
3862,red
3863,red
3864,red
3865,orange
3866,red
3867,red
3868,red
3869,red
3870,red
3871,red
3872,red
3873,red
3874,orange
3875,red
3876,red
3877,orange
3878,red
3879,orange
3880,red
3881,red
3882,orange
3883,orange
3884,red
3885,red
3886,red
3887,red
3888,red
3889,red
3890,orange
3891,orange
3892,red
3893,red
3894,red
3895,red
3896,red
3897,orange
3898,red
3899,orange
3900,orange
3901,red
3902,red
3903,red
3904,red
3905,red
3906,red
3907,red
3908,red
3909,orange
3910,red
3911,red
3912,red
3913,red
3914,orange
3915,red
3916,orange
3917,red
3918,orange
3919,orange
3920,red
3921,red
3922,red
3923,red
3924,red
3925,red
3926,orange
3927,red
3928,red
3929,orange
3930,red
3931,red
3932,orange
3933,red
3934,red
3935,red
3936,red
3937,red
3938,red
3939,red
3940,red
3941,red
3942,red
3943,red
3944,orange
3945,red
3946,red
3947,orange
3948,orange
3949,red
3950,red
3951,red
3952,red
3953,orange
3954,red
3955,red
3956,red
3957,red
3958,red
3959,red
3960,red
3961,red
3962,red
3963,red
3964,orange
3965,red
3966,red
3967,red
3968,orange
3969,red
3970,red
3971,red
3972,red
3973,orange
3974,orange
3975,red
3976,orange
3977,red
3978,orange
3979,orange
3980,red
3981,red
3982,red
3983,orange
3984,red
3985,red
3986,red
3987,red
3988,red
3989,red
3990,red
3991,orange
3992,red
3993,red
3994,red
3995,red
3996,red
3997,red
3998,red
3999,orange
4000,red
4001,red
4002,red
4003,red
4004,red
4005,orange
4006,orange
4007,orange
4008,red
4009,red
4010,red
4011,red
4012,red
4013,red
4014,orange
4015,orange
4016,red
4017,red
4018,orange
4019,orange
4020,red
4021,red
4022,red
4023,red
4024,red
4025,orange
4026,red
4027,orange
4028,red
4029,red
4030,orange
4031,orange
4032,red
4033,red
4034,red
4035,red
4036,red
4037,red
4038,red
4039,red
4040,red
4041,red
4042,orange
4043,red
4044,red
4045,red
4046,red
4047,orange
4048,red
4049,orange
4050,red
4051,red
4052,red
4053,red
4054,red
4055,red
4056,orange
4057,orange
4058,orange
4059,red
4060,orange
4061,red
4062,red
4063,red
4064,red
4065,red
4066,red
4067,red
4068,red
4069,orange
4070,red
4071,orange
4072,red
4073,red
4074,red
4075,orange
4076,red
4077,red
4078,red
4079,red
4080,red
4081,red
4082,orange
4083,red
4084,red
4085,orange
4086,red
4087,orange
4088,orange
4089,red
4090,red
4091,red
4092,red
4093,orange
4094,red
4095,red
4096,red
4097,red
4098,red
4099,red
4100,red
4101,red
4102,red
4103,red
4104,orange
4105,orange
4106,red
4107,red
4108,red
4109,red
4110,orange
4111,red
4112,red
4113,red
4114,orange
4115,orange
4116,red
4117,orange
4118,red
4119,red
4120,red
4121,orange
4122,red
4123,red
4124,red
4125,red
4126,red
4127,red
4128,orange
4129,orange
4130,orange
4131,orange
4132,orange
4133,red
4134,red
4135,orange
4136,red
4137,orange
4138,orange
4139,orange
4140,red
4141,red
4142,red
4143,red
4144,red
4145,red
4146,red
4147,orange
4148,red
4149,red
4150,red
4151,orange
4152,red
4153,red
4154,orange
4155,red
4156,red
4157,red
4158,orange
4159,red
4160,orange
4161,red
4162,red
4163,orange
4164,red
4165,orange
4166,red
4167,orange
4168,red
4169,red
4170,orange
4171,orange
4172,red
4173,red
4174,red
4175,red
4176,red
4177,red
4178,orange
4179,red
4180,red
4181,red
4182,orange
4183,red
4184,red
4185,red
4186,red
4187,red
4188,orange
4189,orange
4190,orange
4191,red
4192,orange
4193,orange
4194,red
4195,red
4196,red
4197,red
4198,orange
4199,red
4200,red
4201,red
4202,red
4203,red
4204,red
4205,orange
4206,red
4207,red
4208,red
4209,red
4210,red
4211,red
4212,red
4213,red
4214,red
4215,red
4216,red
4217,red
4218,red
4219,red
4220,red
4221,red
4222,orange
4223,red
4224,orange
4225,red
4226,red
4227,red
4228,red
4229,red
4230,red
4231,red
4232,red
4233,red
4234,red
4235,red
4236,orange
4237,red
4238,orange
4239,red
4240,red
4241,orange
4242,orange
4243,red
4244,orange
4245,orange
4246,red
4247,red
4248,red
4249,red
4250,red
4251,red
4252,orange
4253,red
4254,red
4255,red
4256,red
4257,red
4258,red
4259,orange
4260,red
4261,red
4262,red
4263,orange
4264,orange
4265,red
4266,red
4267,red
4268,red
4269,orange
4270,red
4271,red
4272,red
4273,orange
4274,orange
4275,red
4276,red
4277,red
4278,red
4279,red
4280,orange
4281,red
4282,red
4283,red
4284,orange
4285,red
4286,red
4287,red
4288,red
4289,red
4290,red
4291,red
4292,red
4293,red
4294,orange
4295,red
4296,red
4297,orange
4298,red
4299,red
4300,red
4301,orange
4302,red
4303,orange
4304,orange
4305,red
4306,red
4307,red
4308,red
4309,orange
4310,red
4311,red
4312,red
4313,orange
4314,red
4315,red
4316,red
4317,red
4318,orange
4319,red
4320,red
4321,red
4322,red
4323,red
4324,orange
4325,red
4326,red
4327,orange
4328,red
4329,red
4330,orange
4331,red
4332,red
4333,red
4334,orange
4335,red
4336,red
4337,red
4338,red
4339,red
4340,red
4341,red
4342,red
4343,red
4344,red
4345,red
4346,orange
4347,red
4348,red
4349,red
4350,red
4351,red
4352,orange
4353,orange
4354,red
4355,red
4356,red
4357,orange
4358,orange
4359,red
4360,red
4361,red
4362,red
4363,red
4364,red
4365,red
4366,red
4367,red
4368,red
4369,red
4370,orange
4371,red
4372,red
4373,red
4374,red
4375,red
4376,orange
4377,orange
4378,orange
4379,red
4380,red
4381,orange
4382,orange
4383,red
4384,orange
4385,red
4386,red
4387,red
4388,red
4389,red
4390,red
4391,red
4392,red
4393,red
4394,red
4395,red
4396,red
4397,red
4398,orange
4399,orange
4400,red
4401,red
4402,red
4403,red
4404,red
4405,orange
4406,orange
4407,red
4408,orange
4409,red
4410,orange
4411,orange
4412,red
4413,orange
4414,red
4415,red
4416,red
4417,orange
4418,orange
4419,orange
4420,red
4421,orange
4422,red
4423,orange
4424,red
4425,orange
4426,red
4427,red
4428,orange
4429,red
4430,orange
4431,red
4432,red
4433,red
4434,red
4435,red
4436,red
4437,orange
4438,red
4439,red
4440,red
4441,red
4442,orange
4443,orange
4444,red
4445,red
4446,red
4447,red
4448,red
4449,red
4450,red
4451,orange
4452,red
4453,red
4454,orange
4455,red
4456,red
4457,red
4458,red
4459,red
4460,red
4461,red
4462,orange
4463,orange
4464,red
4465,red
4466,red
4467,orange
4468,orange
4469,red
4470,red
4471,orange
4472,orange
4473,orange
4474,orange
4475,red
4476,red
4477,red
4478,red
4479,red
4480,orange
4481,red
4482,red
4483,red
4484,red
4485,red
4486,red
4487,red
4488,orange
4489,red
4490,orange
4491,orange
4492,red
4493,red
4494,red
4495,red
4496,red
4497,red
4498,red
4499,red
4500,red
4501,red
4502,red
4503,orange
4504,orange
4505,red
4506,orange
4507,red
4508,red
4509,red
4510,red
4511,red
4512,red
4513,red
4514,red
4515,red
4516,red
4517,red
4518,red
4519,orange
4520,red
4521,orange
4522,red
4523,red
4524,red
4525,red
4526,orange
4527,red
4528,red
4529,orange
4530,red
4531,red
4532,red
4533,red
4534,orange
4535,red
4536,red
4537,orange
4538,red
4539,orange
4540,red
4541,red
4542,orange
4543,red
4544,red
4545,orange
4546,orange
4547,red
4548,red
4549,red
4550,red
4551,orange
4552,orange
4553,red
4554,orange
4555,red
4556,red
4557,red
4558,red
4559,red
4560,red
4561,orange
4562,red
4563,red
4564,red
4565,red
4566,red
4567,red
4568,orange
4569,red
4570,red
4571,red
4572,red
4573,red
4574,orange
4575,red
4576,red
4577,red
4578,orange
4579,red
4580,red
4581,orange
4582,red
4583,orange
4584,red
4585,red
4586,red
4587,orange
4588,orange
4589,red
4590,orange
4591,red
4592,red
4593,orange
4594,orange
4595,red
4596,red
4597,orange
4598,red
4599,red
4600,red
4601,orange
4602,red
4603,orange
4604,red
4605,red
4606,red
4607,red
4608,orange
4609,red
4610,red
4611,red
4612,red
4613,red
4614,red
4615,red
4616,orange
4617,red
4618,red
4619,orange
4620,orange
4621,orange
4622,orange
4623,red
4624,orange
4625,red
4626,red
4627,orange
4628,red
4629,red
4630,orange
4631,red
4632,red
4633,red
4634,orange
4635,red
4636,orange
4637,red
4638,orange
4639,orange
4640,red
4641,red
4642,red
4643,red
4644,orange
4645,red
4646,red
4647,red
4648,red
4649,red
4650,red
4651,red
4652,red
4653,orange
4654,red
4655,red
4656,red
4657,red
4658,red
4659,red
4660,red
4661,red
4662,red
4663,red
4664,red
4665,red
4666,red
4667,red
4668,orange
4669,red
4670,red
4671,red
4672,red
4673,red
4674,red
4675,red
4676,orange
4677,red
4678,red
4679,orange
4680,red
4681,orange
4682,red
4683,red
4684,red
4685,red
4686,red
4687,red
4688,red
4689,red
4690,orange
4691,red
4692,orange
4693,red
4694,red
4695,red
4696,orange
4697,red
4698,red
4699,orange
4700,orange
4701,red
4702,red
4703,orange
4704,orange
4705,orange
4706,orange
4707,red
4708,red
4709,red
4710,red
4711,red
4712,red
4713,red
4714,red
4715,red
4716,red
4717,red
4718,orange
4719,red
4720,red
4721,red
4722,red
4723,red
4724,red
4725,red
4726,red
4727,orange
4728,red
4729,red
4730,red
4731,red
4732,red
4733,red
4734,orange
4735,red
4736,orange
4737,red
4738,orange
4739,red
4740,red
4741,red
4742,orange
4743,red
4744,red
4745,orange
4746,red
4747,red
4748,red
4749,red
4750,orange
4751,red
4752,red
4753,red
4754,red
4755,red
4756,red
4757,red
4758,red
4759,red
4760,red
4761,orange
4762,red
4763,orange
4764,red
4765,orange
4766,orange
4767,orange
4768,red
4769,red
4770,red
4771,red
4772,orange
4773,red
4774,red
4775,red
4776,orange
4777,red
4778,red
4779,red
4780,red
4781,red
4782,orange
4783,orange
4784,red
4785,red
4786,red
4787,red
4788,red
4789,orange
4790,orange
4791,red
4792,orange
4793,red
4794,red
4795,orange
4796,orange
4797,red
4798,orange
4799,orange
4800,red
4801,red
4802,orange
4803,red
4804,red
4805,orange
4806,orange
4807,orange
4808,orange
4809,red
4810,red
4811,red
4812,orange
4813,orange
4814,orange
4815,red
4816,orange
4817,red
4818,red
4819,orange
4820,red
4821,red
4822,red
4823,red
4824,red
4825,red
4826,red
4827,red
4828,red
4829,red
4830,red
4831,orange
4832,red
4833,orange
4834,red
4835,red
4836,red
4837,red
4838,orange
4839,red
4840,red
4841,red
4842,orange
4843,orange
4844,orange
4845,red
4846,orange
4847,orange
4848,orange
4849,red
4850,red
4851,red
4852,red
4853,red
4854,red
4855,orange
4856,red
4857,red
4858,red
4859,orange
4860,red
4861,red
4862,orange
4863,orange
4864,red
4865,red
4866,orange
4867,red
4868,orange
4869,red
4870,red
4871,orange
4872,red
4873,red
4874,red
4875,red
4876,red
4877,red
4878,red
4879,orange
4880,red
4881,red
4882,red
4883,red
4884,red
4885,red
4886,orange
4887,red
4888,orange
4889,red
4890,orange
4891,orange
4892,red
4893,red
4894,red
4895,red
4896,red
4897,red
4898,orange
4899,red
4900,red
4901,red
4902,red
4903,orange
4904,orange
4905,orange
4906,red
4907,red
4908,red
4909,red
4910,red
4911,red
4912,orange
4913,red
4914,orange
4915,red
4916,red
4917,orange
4918,orange
4919,red
4920,red
4921,red
4922,orange
4923,red
4924,orange
4925,red
4926,red
4927,orange
4928,red
4929,red
4930,red
4931,red
4932,red
4933,red
4934,red
4935,red
4936,orange
4937,red
4938,red
4939,orange
4940,red
4941,red
4942,red
4943,red
4944,red
4945,red
4946,red
4947,red
4948,red
4949,red
4950,orange
4951,red
4952,red
4953,red
4954,red
4955,orange
4956,red
4957,orange
4958,red
4959,orange
4960,red
4961,red
4962,red
4963,red
4964,red
4965,red
4966,red
4967,orange
4968,red
4969,red
4970,red
4971,orange
4972,red
4973,red
4974,red
4975,red
4976,red
4977,red
4978,red
4979,red
4980,red
4981,red
4982,red
4983,red
4984,red
4985,red
4986,red
4987,red
4988,orange
4989,red
4990,orange
4991,red
4992,red
4993,orange
4994,orange
4995,red
4996,red
4997,red
4998,red
4999,orange
5000,red
5001,red
5002,red
5003,red
5004,red
5005,red
5006,red
5007,red
5008,orange
5009,orange
5010,red
5011,red
5012,red
5013,red
5014,orange
5015,orange
5016,orange
5017,red
5018,red
5019,red
5020,red
5021,red
5022,red
5023,red
5024,orange
5025,red
5026,red
5027,red
5028,red
5029,red
5030,red
5031,orange
5032,red
5033,red
5034,red
5035,red
5036,red
5037,red
5038,orange
5039,orange
5040,red
5041,red
5042,red
5043,orange
5044,red
5045,red
5046,orange
5047,red
5048,orange
5049,orange
5050,red
5051,orange
5052,red
5053,red
5054,red
5055,red
5056,orange
5057,orange
5058,red
5059,orange
5060,red
5061,red
5062,orange
5063,red
5064,orange
5065,red
5066,red
5067,red
5068,orange
5069,orange
5070,orange
5071,red
5072,red
5073,red
5074,red
5075,red
5076,red
5077,orange
5078,red
5079,red
5080,red
5081,orange
5082,orange
5083,orange
5084,red
5085,red
5086,red
5087,red
5088,red
5089,orange
5090,orange
5091,red
5092,orange
5093,red
5094,orange
5095,orange
5096,orange
5097,red
5098,red
5099,orange
5100,red
5101,orange
5102,red
5103,red
5104,orange
5105,red
5106,red
5107,red
5108,red
5109,red
5110,red
5111,red
5112,red
5113,red
5114,red
5115,orange
5116,red
5117,red
5118,red
5119,red
5120,red
5121,red
5122,red
5123,red
5124,red
5125,red
5126,red
5127,red
5128,red
5129,red
5130,red
5131,orange
5132,red
5133,red
5134,red
5135,red
5136,red
5137,red
5138,red
5139,red
5140,red
5141,red
5142,red
5143,red
5144,red
5145,red
5146,red
5147,orange
5148,red
5149,red
5150,red
5151,orange
5152,orange
5153,red
5154,red
5155,orange
5156,orange
5157,red
5158,red
5159,orange
5160,orange
5161,red
5162,red
5163,red
5164,orange
5165,red
5166,red
5167,red
5168,orange
5169,red
5170,orange
5171,red
5172,red
5173,red
5174,orange
5175,orange
5176,red
5177,red
5178,red
5179,red
5180,red
5181,red
5182,orange
5183,red
5184,red
5185,red
5186,orange
5187,orange
5188,red
5189,red
5190,orange
5191,red
5192,red
5193,red
5194,red
5195,red
5196,orange
5197,red
5198,red
5199,orange
5200,red
5201,orange
5202,red
5203,orange
5204,red
5205,red
5206,red
5207,red
5208,orange
5209,red
5210,red
5211,red
5212,red
5213,red
5214,orange
5215,red
5216,orange
5217,red
5218,red
5219,orange
5220,orange
5221,red
5222,red
5223,red
5224,red
5225,orange
5226,orange
5227,orange
5228,red
5229,red
5230,red
5231,red
5232,red
5233,red
5234,red
5235,red
5236,red
5237,red
5238,red
5239,orange
5240,red
5241,orange
5242,red
5243,orange
5244,red
5245,red
5246,red
5247,orange
5248,red
5249,red
5250,red
5251,red
5252,red
5253,red
5254,orange
5255,orange
5256,red
5257,orange
5258,orange
5259,red
5260,orange
5261,red
5262,red
5263,red
5264,red
5265,red
5266,red
5267,red
5268,red
5269,red
5270,orange
5271,orange
5272,red
5273,orange
5274,red
5275,red
5276,red
5277,red
5278,orange
5279,red
5280,red
5281,orange
5282,red
5283,red
5284,red
5285,red
5286,orange
5287,red
5288,red
5289,red
5290,red
5291,red
5292,red
5293,red
5294,red
5295,red
5296,red
5297,orange
5298,red
5299,red
5300,red
5301,red
5302,red
5303,orange
5304,red
5305,orange
5306,red
5307,red
5308,red
5309,red
5310,orange
5311,orange
5312,orange
5313,orange
5314,red
5315,red
5316,orange
5317,red
5318,red
5319,orange
5320,orange
5321,red
5322,red
5323,orange
5324,red
5325,red
5326,red
5327,orange
5328,red
5329,red
5330,red
5331,orange
5332,red
5333,orange
5334,orange
5335,red
5336,red
5337,orange
5338,orange
5339,orange
5340,red
5341,red
5342,red
5343,red
5344,red
5345,orange
5346,orange
5347,red
5348,red
5349,red
5350,red
5351,orange
5352,red
5353,red
5354,red
5355,orange
5356,red
5357,red
5358,red
5359,red
5360,red
5361,red
5362,orange
5363,red
5364,orange
5365,red
5366,orange
5367,orange
5368,red
5369,red
5370,red
5371,orange
5372,red
5373,red
5374,orange
5375,orange
5376,red
5377,red
5378,red
5379,red
5380,orange
5381,red
5382,red
5383,orange
5384,red
5385,red
5386,red
5387,red
5388,orange
5389,orange
5390,red
5391,red
5392,orange
5393,red
5394,red
5395,orange
5396,red
5397,orange
5398,red
5399,red
5400,orange
5401,red
5402,red
5403,orange
5404,red
5405,orange
5406,red
5407,orange
5408,orange
5409,red
5410,red
5411,red
5412,red
5413,red
5414,orange
5415,orange
5416,orange
5417,red
5418,red
5419,red
5420,red
5421,red
5422,red
5423,red
5424,orange
5425,red
5426,red
5427,red
5428,red
5429,red
5430,red
5431,red
5432,red
5433,red
5434,orange
5435,red
5436,orange
5437,orange
5438,red
5439,orange
5440,red
5441,orange
5442,red
5443,red
5444,orange
5445,red
5446,orange
5447,orange
5448,red
5449,red
5450,red
5451,orange
5452,red
5453,orange
5454,red
5455,red
5456,orange
5457,orange
5458,red
5459,red
5460,red
5461,orange
5462,red
5463,red
5464,red
5465,orange
5466,red
5467,red
5468,red
5469,orange
5470,red
5471,red
5472,red
5473,red
5474,orange
5475,red
5476,red
5477,orange
5478,orange
5479,red
5480,red
5481,red
5482,red
5483,red
5484,orange
5485,red
5486,red
5487,orange
5488,red
5489,red
5490,orange
5491,orange
5492,red
5493,red
5494,orange
5495,red
5496,red
5497,orange
5498,orange
5499,orange
5500,red
5501,red
5502,orange
5503,orange
5504,red
5505,red
5506,orange
5507,red
5508,red
5509,red
5510,red
5511,orange
5512,red
5513,red
5514,orange
5515,red
5516,red
5517,orange
5518,red
5519,red
5520,red
5521,red
5522,red
5523,red
5524,orange
5525,red
5526,red
5527,red
5528,red
5529,orange
5530,red
5531,red
5532,orange
5533,red
5534,red
5535,red
5536,red
5537,red
5538,red
5539,orange
5540,red
5541,orange
5542,red
5543,red
5544,orange
5545,red
5546,red
5547,orange
5548,red
5549,red
5550,red
5551,orange
5552,red
5553,red
5554,orange
5555,red
5556,red
5557,red
5558,red
5559,orange
5560,red
5561,orange
5562,red
5563,red
5564,red
5565,red
5566,orange
5567,red
5568,red
5569,red
5570,orange
5571,red
5572,red
5573,orange
5574,red
5575,orange
5576,red
5577,orange
5578,orange
5579,red
5580,red
5581,orange
5582,red
5583,red
5584,orange
5585,orange
5586,orange
5587,red
5588,red
5589,red
5590,red
5591,red
5592,red
5593,red
5594,red
5595,orange
5596,red
5597,red
5598,orange
5599,red
5600,orange
5601,red
5602,red
5603,red
5604,red
5605,red
5606,red
5607,orange
5608,red
5609,orange
5610,orange
5611,red
5612,red
5613,red
5614,red
5615,red
5616,orange
5617,red
5618,red
5619,red
5620,red
5621,orange
5622,red
5623,orange
5624,red
5625,red
5626,red
5627,red
5628,red
5629,red
5630,red
5631,orange
5632,red
5633,red
5634,orange
5635,red
5636,red
5637,red
5638,orange
5639,red
5640,orange
5641,red
5642,red
5643,red
5644,red
5645,red
5646,red
5647,red
5648,red
5649,orange
5650,orange
5651,red
5652,orange
5653,orange
5654,red
5655,orange
5656,red
5657,red
5658,orange
5659,orange
5660,red
5661,red
5662,red
5663,red
5664,red
5665,orange
5666,red
5667,red
5668,orange
5669,orange
5670,red
5671,red
5672,red
5673,red
5674,orange
5675,red
5676,orange
5677,red
5678,red
5679,red
5680,orange
5681,red
5682,orange
5683,red
5684,red
5685,red
5686,red
5687,red
5688,orange
5689,red
5690,red
5691,red
5692,orange
5693,red
5694,orange
5695,red
5696,red
5697,red
5698,orange
5699,orange
5700,red
5701,orange
5702,red
5703,orange
5704,red
5705,orange
5706,red
5707,orange
5708,orange
5709,red
5710,red
5711,red
5712,orange
5713,red
5714,red
5715,red
5716,red
5717,orange
5718,red
5719,red
5720,orange
5721,red
5722,red
5723,red
5724,orange
5725,orange
5726,red
5727,red
5728,red
5729,red
5730,orange
5731,orange
5732,red
5733,red
5734,red
5735,red
5736,red
5737,red
5738,orange
5739,orange
5740,orange
5741,red
5742,red
5743,orange
5744,orange
5745,red
5746,orange
5747,red
5748,red
5749,red
5750,orange
5751,red
5752,orange
5753,red
5754,red
5755,red
5756,red
5757,orange
5758,red
5759,orange
5760,orange
5761,red
5762,orange
5763,orange
5764,red
5765,orange
5766,red
5767,orange
5768,red
5769,red
5770,red
5771,red
5772,red
5773,red
5774,red
5775,orange
5776,red
5777,orange
5778,red
5779,red
5780,red
5781,orange
5782,red
5783,orange
5784,red
5785,orange
5786,red
5787,red
5788,red
5789,red
5790,red
5791,red
5792,red
5793,red
5794,red
5795,red
5796,orange
5797,red
5798,red
5799,red
5800,red
5801,orange
5802,orange
5803,orange
5804,orange
5805,red
5806,orange
5807,red
5808,red
5809,orange
5810,red
5811,orange
5812,red
5813,red
5814,red
5815,red
5816,orange
5817,red
5818,red
5819,red
5820,orange
5821,red
5822,red
5823,red
5824,red
5825,red
5826,red
5827,red
5828,orange
5829,red
5830,orange
5831,red
5832,red
5833,red
5834,red
5835,red
5836,red
5837,red
5838,orange
5839,red
5840,red
5841,red
5842,orange
5843,red
5844,red
5845,red
5846,orange
5847,orange
5848,red
5849,red
5850,red
5851,red
5852,orange
5853,orange
5854,red
5855,orange
5856,orange
5857,red
5858,red
5859,red
5860,red
5861,red
5862,red
5863,red
5864,red
5865,red
5866,red
5867,red
5868,red
5869,red
5870,red
5871,red
5872,red
5873,red
5874,orange
5875,red
5876,red
5877,red
5878,red
5879,red
5880,red
5881,orange
5882,orange
5883,red
5884,orange
5885,red
5886,red
5887,orange
5888,orange
5889,red
5890,red
5891,red
5892,orange
5893,red
5894,red
5895,orange
5896,orange
5897,red
5898,red
5899,red
5900,red
5901,orange
5902,red
5903,red
5904,red
5905,red
5906,red
5907,red
5908,orange
5909,red
5910,red
5911,red
5912,red
5913,red
5914,red
5915,red
5916,red
5917,red
5918,red
5919,orange
5920,orange
5921,red
5922,red
5923,orange
5924,red
5925,red
5926,red
5927,red
5928,orange
5929,orange
5930,red
5931,orange
5932,red
5933,orange
5934,orange
5935,red
5936,orange
5937,orange
5938,red
5939,orange
5940,red
5941,red
5942,red
5943,red
5944,red
5945,orange
5946,orange
5947,red
5948,orange
5949,orange
5950,red
5951,red
5952,orange
5953,red
5954,red
5955,orange
5956,orange
5957,red
5958,red
5959,red
5960,red
5961,red
5962,orange
5963,orange
5964,red
5965,red
5966,red
5967,red
5968,red
5969,red
5970,orange
5971,orange
5972,red
5973,red
5974,orange
5975,red
5976,red
5977,red
5978,red
5979,red
5980,red
5981,orange
5982,red
5983,orange
5984,red
5985,red
5986,orange
5987,red
5988,red
5989,red
5990,red
5991,red
5992,red
5993,orange
5994,red
5995,red
5996,red
5997,orange
5998,red
5999,red
6000,red
6001,red
6002,orange
6003,red
6004,red
6005,red
6006,orange
6007,red
6008,orange
6009,red
6010,red
6011,orange
6012,red
6013,orange
6014,orange
6015,red
6016,red
6017,red
6018,red
6019,red
6020,red
6021,orange
6022,red
6023,red
6024,red
6025,red
6026,red
6027,orange
6028,red
6029,red
6030,red
6031,red
6032,orange
6033,red
6034,orange
6035,red
6036,red
6037,red
6038,orange
6039,red
6040,red
6041,red
6042,orange
6043,orange
6044,red
6045,red
6046,red
6047,orange
6048,orange
6049,red
6050,orange
6051,red
6052,orange
6053,red
6054,orange
6055,red
6056,orange
6057,red
6058,red
6059,red
6060,red
6061,red
6062,red
6063,orange
6064,red
6065,orange
6066,orange
6067,red
6068,red
6069,orange
6070,red
6071,red
6072,red
6073,red
6074,red
6075,red
6076,orange
6077,orange
6078,orange
6079,red
6080,orange
6081,red
6082,red
6083,red
6084,orange
6085,orange
6086,orange
6087,red
6088,red
6089,red
6090,orange
6091,red
6092,red
6093,red
6094,red
6095,red
6096,red
6097,red
6098,red
6099,orange
6100,red
6101,orange
6102,red
6103,red
6104,red
6105,orange
6106,red
6107,red
6108,red
6109,orange
6110,red
6111,red
6112,red
6113,red
6114,red
6115,red
6116,orange
6117,red
6118,red
6119,red
6120,orange
6121,orange
6122,red
6123,red
6124,red
6125,red
6126,red
6127,red
6128,red
6129,orange
6130,red
6131,red
6132,red
6133,orange
6134,red
6135,red
6136,orange
6137,red
6138,red
6139,red
6140,orange
6141,red
6142,red
6143,red
6144,red
6145,red
6146,red
6147,red
6148,red
6149,red
6150,orange
6151,orange
6152,red
6153,orange
6154,red
6155,red
6156,orange
6157,red
6158,orange
6159,orange
6160,red
6161,orange
6162,red
6163,red
6164,orange
6165,red
6166,red
6167,red
6168,red
6169,red
6170,red
6171,red
6172,orange
6173,red
6174,red
6175,red
6176,red
6177,red
6178,red
6179,red
6180,red
6181,red
6182,orange
6183,red
6184,red
6185,red
6186,red
6187,red
6188,red
6189,orange
6190,orange
6191,orange
6192,red
6193,red
6194,red
6195,red
6196,red
6197,orange
6198,red
6199,orange
6200,red
6201,red
6202,orange
6203,red
6204,red
6205,red
6206,red
6207,red
6208,red
6209,orange
6210,red
6211,orange
6212,red
6213,red
6214,orange
6215,red
6216,red
6217,red
6218,red
6219,red
6220,red
6221,red
6222,orange
6223,red
6224,red
6225,red
6226,orange
6227,red
6228,red
6229,orange
6230,red
6231,red
6232,red
6233,orange
6234,red
6235,orange
6236,red
6237,orange
6238,red
6239,red
6240,red
6241,red
6242,red
6243,red
6244,red
6245,red
6246,red
6247,orange
6248,red
6249,red
6250,red
6251,red
6252,red
6253,red
6254,orange
6255,red
6256,orange
6257,red
6258,red
6259,red
6260,orange
6261,red
6262,red
6263,red
6264,orange
6265,red
6266,red
6267,red
6268,red
6269,orange
6270,red
6271,red
6272,red
6273,red
6274,red
6275,orange
6276,orange
6277,orange
6278,red
6279,red
6280,red
6281,orange
6282,red
6283,red
6284,orange
6285,red
6286,orange
6287,red
6288,red
6289,red
6290,orange
6291,red
6292,red
6293,orange
6294,red
6295,red
6296,orange
6297,red
6298,red
6299,red
6300,red
6301,red
6302,red
6303,orange
6304,red
6305,red
6306,orange
6307,orange
6308,red
6309,red
6310,orange
6311,orange
6312,red
6313,orange
6314,red
6315,red
6316,orange
6317,red
6318,red
6319,red
6320,red
6321,red
6322,red
6323,red
6324,red
6325,red
6326,red
6327,red
6328,orange
6329,red
6330,red
6331,red
6332,orange
6333,red
6334,red
6335,red
6336,red
6337,red
6338,red
6339,red
6340,orange
6341,red
6342,red
6343,red
6344,red
6345,red
6346,red
6347,red
6348,red
6349,orange
6350,red
6351,red
6352,orange
6353,orange
6354,red
6355,red
6356,orange
6357,red
6358,red
6359,orange
6360,orange
6361,red
6362,red
6363,red
6364,red
6365,orange
6366,orange
6367,red
6368,red
6369,orange
6370,orange
6371,red
6372,orange
6373,orange
6374,orange
6375,red
6376,orange
6377,red
6378,red
6379,orange
6380,red
6381,red
6382,red
6383,orange
6384,red
6385,red
6386,red
6387,red
6388,orange
6389,red
6390,red
6391,red
6392,red
6393,red
6394,orange
6395,red
6396,red
6397,red
6398,orange
6399,orange
6400,orange
6401,red
6402,orange
6403,orange
6404,red
6405,orange
6406,red
6407,orange
6408,red
6409,orange
6410,red
6411,orange
6412,red
6413,red
6414,red
6415,orange
6416,red
6417,orange
6418,red
6419,orange
6420,orange
6421,red
6422,orange
6423,red
6424,orange
6425,red
6426,red
6427,orange
6428,red
6429,red
6430,orange
6431,orange
6432,red
6433,orange
6434,orange
6435,red
6436,red
6437,orange
6438,orange
6439,orange
6440,red
6441,red
6442,orange
6443,orange
6444,orange
6445,orange
6446,orange
6447,red
6448,red
6449,red
6450,red
6451,orange
6452,orange
6453,red
6454,red
6455,red
6456,red
6457,red
6458,orange
6459,red
6460,red
6461,red
6462,red
6463,red
6464,red
6465,red
6466,orange
6467,orange
6468,orange
6469,orange
6470,red
6471,orange
6472,red
6473,red
6474,orange
6475,red
6476,red
6477,orange
6478,orange
6479,red
6480,red
6481,red
6482,orange
6483,orange
6484,orange
6485,red
6486,orange
6487,orange
6488,red
6489,red
6490,orange
6491,orange
6492,red
6493,orange
6494,red
6495,red
6496,red
6497,red
6498,red
6499,red
6500,orange
6501,red
6502,orange
6503,red
6504,orange
6505,red
6506,red
6507,red
6508,orange
6509,red
6510,orange
6511,orange
6512,red
6513,red
6514,red
6515,orange
6516,red
6517,orange
6518,red
6519,red
6520,red
6521,red
6522,red
6523,red
6524,red
6525,red
6526,orange
6527,red
6528,red
6529,red
6530,red
6531,red
6532,red
6533,red
6534,red
6535,orange
6536,orange
6537,orange
6538,red
6539,red
6540,red
6541,red
6542,red
6543,orange
6544,orange
6545,orange
6546,orange
6547,red
6548,orange
6549,red
6550,red
6551,red
6552,red
6553,red
6554,red
6555,orange
6556,red
6557,red
6558,red
6559,red
6560,orange
6561,orange
6562,red
6563,red
6564,red
6565,red
6566,red
6567,red
6568,red
6569,orange
6570,orange
6571,orange
6572,orange
6573,red
6574,orange
6575,red
6576,orange
6577,red
6578,red
6579,orange
6580,red
6581,orange
6582,orange
6583,red
6584,orange
6585,red
6586,orange
6587,red
6588,red
6589,red
6590,red
6591,red
6592,orange
6593,red
6594,orange
6595,orange
6596,red
6597,red
6598,orange
6599,red
6600,red
6601,orange
6602,orange
6603,red
6604,red
6605,orange
6606,red
6607,red
6608,red
6609,red
6610,orange
6611,red
6612,red
6613,orange
6614,red
6615,red
6616,red
6617,red
6618,orange
6619,red
6620,orange
6621,red
6622,red
6623,red
6624,red
6625,red
6626,orange
6627,orange
6628,red
6629,red
6630,orange
6631,red
6632,red
6633,orange
6634,red
6635,red
6636,orange
6637,red
6638,orange
6639,red
6640,orange
6641,orange
6642,orange
6643,red
6644,red
6645,red
6646,red
6647,red
6648,red
6649,red
6650,orange
6651,red
6652,red
6653,red
6654,orange
6655,orange
6656,red
6657,orange
6658,red
6659,orange
6660,red
6661,orange
6662,red
6663,red
6664,red
6665,red
6666,orange
6667,red
6668,red
6669,red
6670,red
6671,orange
6672,red
6673,red
6674,orange
6675,red
6676,red
6677,red
6678,orange
6679,orange
6680,red
6681,red
6682,red
6683,red
6684,red
6685,red
6686,red
6687,red
6688,red
6689,red
6690,red
6691,red
6692,red
6693,red
6694,orange
6695,red
6696,red
6697,red
6698,orange
6699,orange
6700,red
6701,red
6702,red
6703,red
6704,red
6705,red
6706,red
6707,red
6708,red
6709,red
6710,red
6711,red
6712,red
6713,red
6714,red
6715,red
6716,red
6717,red
6718,red
6719,red
6720,orange
6721,red
6722,red
6723,red
6724,red
6725,red
6726,red
6727,orange
6728,orange
6729,red
6730,red
6731,orange
6732,red
6733,orange
6734,red
6735,red
6736,red
6737,red
6738,red
6739,red
6740,red
6741,orange
6742,orange
6743,red
6744,red
6745,red
6746,orange
6747,red
6748,red
6749,red
6750,red
6751,red
6752,red
6753,red
6754,red
6755,red
6756,orange
6757,orange
6758,red
6759,red
6760,red
6761,red
6762,red
6763,orange
6764,red
6765,red
6766,red
6767,red
6768,red
6769,red
6770,red
6771,orange
6772,orange
6773,red
6774,orange
6775,red
6776,red
6777,red
6778,orange
6779,red
6780,red
6781,red
6782,orange
6783,orange
6784,orange
6785,orange
6786,red
6787,red
6788,red
6789,red
6790,red
6791,red
6792,red
6793,red
6794,orange
6795,red
6796,orange
6797,red
6798,red
6799,red
6800,red
6801,orange
6802,red
6803,red
6804,red
6805,orange
6806,red
6807,red
6808,red
6809,red
6810,red
6811,red
6812,red
6813,red
6814,orange
6815,red
6816,red
6817,orange
6818,red
6819,red
6820,red
6821,orange
6822,orange
6823,orange
6824,red
6825,orange
6826,orange
6827,orange
6828,orange
6829,red
6830,red
6831,orange
6832,red
6833,red
6834,red
6835,red
6836,red
6837,red
6838,orange
6839,red
6840,red
6841,red
6842,red
6843,orange
6844,red
6845,red
6846,orange
6847,orange
6848,red
6849,red
6850,red
6851,red
6852,red
6853,red
6854,red
6855,red
6856,red
6857,red
6858,orange
6859,red
6860,red
6861,red
6862,red
6863,red
6864,orange
6865,orange
6866,red
6867,red
6868,orange
6869,red
6870,red
6871,red
6872,orange
6873,orange
6874,orange
6875,red
6876,red
6877,red
6878,orange
6879,orange
6880,red
6881,red
6882,red
6883,red
6884,orange
6885,red
6886,red
6887,red
6888,red
6889,orange
6890,red
6891,red
6892,orange
6893,red
6894,orange
6895,red
6896,red
6897,red
6898,red
6899,orange
6900,red
6901,red
6902,red
6903,orange
6904,red
6905,red
6906,orange
6907,red
6908,red
6909,red
6910,orange
6911,orange
6912,red
6913,red
6914,red
6915,red
6916,orange
6917,orange
6918,red
6919,red
6920,orange
6921,red
6922,red
6923,orange
6924,red
6925,red
6926,orange
6927,red
6928,red
6929,orange
6930,red
6931,red
6932,red
6933,red
6934,red
6935,red
6936,red
6937,orange
6938,orange
6939,red
6940,red
6941,red
6942,orange
6943,orange
6944,red
6945,red
6946,red
6947,orange
6948,red
6949,red
6950,orange
6951,orange
6952,red
6953,red
6954,red
6955,red
6956,red
6957,orange
6958,orange
6959,red
6960,orange
6961,red
6962,red
6963,red
6964,red
6965,orange
6966,red
6967,red
6968,orange
6969,red
6970,red
6971,orange
6972,orange
6973,orange
6974,red
6975,red
6976,red
6977,red
6978,red
6979,red
6980,red
6981,red
6982,red
6983,orange
6984,red
6985,orange
6986,orange
6987,orange
6988,red
6989,orange
6990,red
6991,red
6992,red
6993,red
6994,red
6995,orange
6996,orange
6997,red
6998,orange
6999,red
7000,red
7001,red
7002,red
7003,orange
7004,red
7005,red
7006,orange
7007,orange
7008,red
7009,red
7010,orange
7011,red
7012,red
7013,red
7014,red
7015,red
7016,red
7017,red
7018,red
7019,red
7020,red
7021,red
7022,orange
7023,red
7024,orange
7025,orange
7026,red
7027,red
7028,orange
7029,red
7030,orange
7031,orange
7032,red
7033,red
7034,red
7035,orange
7036,orange
7037,red
7038,orange
7039,red
7040,red
7041,red
7042,red
7043,red
7044,red
7045,red
7046,orange
7047,red
7048,red
7049,orange
7050,red
7051,red
7052,red
7053,orange
7054,orange
7055,red
7056,orange
7057,red
7058,red
7059,red
7060,orange
7061,red
7062,red
7063,red
7064,orange
7065,orange
7066,red
7067,orange
7068,red
7069,orange
7070,red
7071,red
7072,red
7073,red
7074,orange
7075,red
7076,orange
7077,red
7078,red
7079,red
7080,red
7081,red
7082,orange
7083,orange
7084,orange
7085,red
7086,orange
7087,orange
7088,red
7089,orange
7090,orange
7091,red
7092,red
7093,red
7094,red
7095,red
7096,red
7097,red
7098,red
7099,red
7100,red
7101,orange
7102,red
7103,orange
7104,red
7105,red
7106,orange
7107,red
7108,orange
7109,orange
7110,red
7111,orange
7112,red
7113,red
7114,red
7115,orange
7116,red
7117,red
7118,red
7119,orange
7120,red
7121,red
7122,red
7123,red
7124,red
7125,red
7126,red
7127,red
7128,red
7129,red
7130,red
7131,red
7132,red
7133,red
7134,red
7135,red
7136,red
7137,red
7138,red
7139,red
7140,orange
7141,red
7142,red
7143,orange
7144,red
7145,red
7146,orange
7147,red
7148,red
7149,red
7150,red
7151,red
7152,red
7153,red
7154,red
7155,orange
7156,red
7157,orange
7158,red
7159,red
7160,red
7161,orange
7162,red
7163,red
7164,red
7165,red
7166,red
7167,orange
7168,red
7169,orange
7170,orange
7171,red
7172,red
7173,orange
7174,red
7175,red
7176,red
7177,orange
7178,red
7179,orange
7180,red
7181,orange
7182,red
7183,red
7184,orange
7185,red
7186,red
7187,red
7188,red
7189,red
7190,red
7191,orange
7192,red
7193,red
7194,red
7195,red
7196,red
7197,red
7198,red
7199,red
7200,red
7201,orange
7202,red
7203,red
7204,red
7205,red
7206,orange
7207,red
7208,red
7209,orange
7210,red
7211,red
7212,red
7213,red
7214,red
7215,red
7216,red
7217,red
7218,orange
7219,red
7220,red
7221,orange
7222,orange
7223,orange
7224,red
7225,orange
7226,red
7227,red
7228,red
7229,orange
7230,red
7231,red
7232,red
7233,orange
7234,orange
7235,red
7236,red
7237,orange
7238,red
7239,red
7240,red
7241,orange
7242,red
7243,red
7244,red
7245,red
7246,orange
7247,red
7248,red
7249,red
7250,red
7251,orange
7252,red
7253,red
7254,red
7255,red
7256,orange
7257,orange
7258,red
7259,red
7260,orange
7261,red
7262,orange
7263,red
7264,red
7265,red
7266,red
7267,red
7268,red
7269,red
7270,red
7271,red
7272,red
7273,red
7274,red
7275,red
7276,red
7277,orange
7278,red
7279,red
7280,orange
7281,red
7282,red
7283,red
7284,red
7285,red
7286,orange
7287,red
7288,orange
7289,red
7290,orange
7291,red
7292,orange
7293,red
7294,red
7295,red
7296,red
7297,orange
7298,orange
7299,red
7300,red
7301,red
7302,red
7303,red
7304,red
7305,red
7306,red
7307,red
7308,orange
7309,orange
7310,red
7311,red
7312,red
7313,red
7314,red
7315,red
7316,red
7317,red
7318,orange
7319,red
7320,red
7321,red
7322,red
7323,red
7324,red
7325,red
7326,red
7327,red
7328,orange
7329,orange
7330,orange
7331,red
7332,orange
7333,red
7334,red
7335,red
7336,red
7337,red
7338,red
7339,orange
7340,red
7341,red
7342,orange
7343,red
7344,red
7345,red
7346,red
7347,red
7348,red
7349,red
7350,red
7351,red
7352,orange
7353,red
7354,red
7355,red
7356,red
7357,red
7358,orange
7359,orange
7360,red
7361,red
7362,orange
7363,orange
7364,red
7365,red
7366,red
7367,red
7368,red
7369,red
7370,orange
7371,red
7372,red
7373,red
7374,red
7375,red
7376,orange
7377,red
7378,red
7379,orange
7380,red
7381,red
7382,red
7383,orange
7384,orange
7385,red
7386,orange
7387,orange
7388,red
7389,red
7390,red
7391,red
7392,red
7393,red
7394,red
7395,red
7396,red
7397,orange
7398,orange
7399,red
7400,red
7401,red
7402,orange
7403,orange
7404,red
7405,red
7406,red
7407,orange
7408,red
7409,red
7410,red
7411,orange
7412,red
7413,red
7414,red
7415,red
7416,orange
7417,red
7418,red
7419,red
7420,red
7421,red
7422,red
7423,red
7424,orange
7425,orange
7426,red
7427,orange
7428,red
7429,red
7430,orange
7431,red
7432,red
7433,red
7434,red
7435,red
7436,red
7437,red
7438,orange
7439,red
7440,red
7441,red
7442,red
7443,orange
7444,orange
7445,red
7446,red
7447,red
7448,red
7449,orange
7450,orange
7451,red
7452,red
7453,red
7454,orange
7455,red
7456,orange
7457,red
7458,red
7459,orange
7460,red
7461,orange
7462,orange
7463,orange
7464,orange
7465,orange
7466,red
7467,red
7468,orange
7469,orange
7470,red
7471,red
7472,red
7473,red
7474,orange
7475,red
7476,red
7477,red
7478,red
7479,red
7480,orange
7481,red
7482,red
7483,orange
7484,orange
7485,orange
7486,orange
7487,orange
7488,red
7489,red
7490,red
7491,red
7492,red
7493,red
7494,orange
7495,red
7496,red
7497,red
7498,red
7499,red
7500,red
7501,red
7502,orange
7503,red
7504,red
7505,red
7506,orange
7507,red
7508,red
7509,red
7510,red
7511,orange
7512,red
7513,red
7514,orange
7515,red
7516,orange
7517,red
7518,red
7519,red
7520,red
7521,red
7522,red
7523,red
7524,red
7525,red
7526,red
7527,red
7528,red
7529,orange
7530,red
7531,red
7532,red
7533,red
7534,red
7535,red
7536,red
7537,orange
7538,red
7539,red
7540,orange
7541,orange
7542,red
7543,red
7544,red
7545,red
7546,red
7547,red
7548,red
7549,orange
7550,red
7551,red
7552,orange
7553,orange
7554,orange
7555,orange
7556,orange
7557,orange
7558,red
7559,red
7560,orange
7561,orange
7562,red
7563,red
7564,red
7565,red
7566,red
7567,red
7568,orange
7569,red
7570,red
7571,red
7572,orange
7573,red
7574,red
7575,orange
7576,orange
7577,orange
7578,red
7579,orange
7580,red
7581,red
7582,orange
7583,red
7584,red
7585,red
7586,red
7587,red
7588,red
7589,red
7590,orange
7591,red
7592,orange
7593,orange
7594,red
7595,red
7596,red
7597,red
7598,orange
7599,red
7600,red
7601,red
7602,orange
7603,orange
7604,red
7605,orange
7606,red
7607,red
7608,red
7609,red
7610,orange
7611,orange
7612,red
7613,red
7614,red
7615,red
7616,red
7617,red
7618,red
7619,orange
7620,red
7621,red
7622,red
7623,red
7624,red
7625,red
7626,red
7627,red
7628,orange
7629,red
7630,red
7631,red
7632,red
7633,red
7634,red
7635,red
7636,orange
7637,red
7638,red
7639,red
7640,red
7641,red
7642,red
7643,orange
7644,orange
7645,red
7646,red
7647,red
7648,orange
7649,red
7650,red
7651,orange
7652,red
7653,red
7654,red
7655,red
7656,red
7657,red
7658,red
7659,red
7660,orange
7661,red
7662,orange
7663,orange
7664,red
7665,red
7666,orange
7667,red
7668,orange
7669,red
7670,orange
7671,orange
7672,red
7673,red
7674,orange
7675,red
7676,red
7677,orange
7678,orange
7679,red
7680,orange
7681,red
7682,red
7683,red
7684,orange
7685,red
7686,orange
7687,red
7688,red
7689,red
7690,orange
7691,red
7692,orange
7693,red
7694,red
7695,orange
7696,red
7697,orange
7698,red
7699,red
7700,orange
7701,red
7702,red
7703,red
7704,red
7705,red
7706,red
7707,red
7708,orange
7709,red
7710,orange
7711,orange
7712,red
7713,red
7714,red
7715,orange
7716,red
7717,orange
7718,red
7719,red
7720,red
7721,red
7722,orange
7723,red
7724,orange
7725,orange
7726,red
7727,red
7728,red
7729,red
7730,red
7731,red
7732,red
7733,orange
7734,red
7735,red
7736,red
7737,red
7738,red
7739,red
7740,red
7741,red
7742,orange
7743,orange
7744,red
7745,orange
7746,orange
7747,red
7748,red
7749,red
7750,red
7751,orange
7752,orange
7753,orange
7754,red
7755,red
7756,red
7757,red
7758,orange
7759,red
7760,red
7761,red
7762,red
7763,orange
7764,orange
7765,orange
7766,red
7767,red
7768,red
7769,red
7770,red
7771,red
7772,red
7773,red
7774,red
7775,orange
7776,red
7777,red
7778,red
7779,red
7780,red
7781,red
7782,red
7783,red
7784,red
7785,orange
7786,red
7787,red
7788,red
7789,red
7790,red
7791,red
7792,orange
7793,red
7794,red
7795,orange
7796,orange
7797,red
7798,orange
7799,red
7800,orange
7801,red
7802,red
7803,orange
7804,red
7805,red
7806,red
7807,orange
7808,red
7809,orange
7810,red
7811,red
7812,red
7813,red
7814,red
7815,red
7816,red
7817,red
7818,orange
7819,red
7820,red
7821,orange
7822,red
7823,orange
7824,orange
7825,red
7826,red
7827,red
7828,red
7829,red
7830,red
7831,red
7832,orange
7833,red
7834,orange
7835,orange
7836,red
7837,red
7838,red
7839,orange
7840,red
7841,orange
7842,red
7843,red
7844,red
7845,orange
7846,red
7847,red
7848,red
7849,orange
7850,red
7851,red
7852,red
7853,orange
7854,red
7855,red
7856,red
7857,red
7858,red
7859,orange
7860,red
7861,red
7862,red
7863,red
7864,red
7865,red
7866,red
7867,orange
7868,orange
7869,red
7870,red
7871,orange
7872,red
7873,orange
7874,red
7875,red
7876,red
7877,red
7878,red
7879,red
7880,red
7881,orange
7882,red
7883,orange
7884,red
7885,red
7886,red
7887,red
7888,orange
7889,orange
7890,orange
7891,orange
7892,red
7893,red
7894,orange
7895,orange
7896,orange
7897,red
7898,red
7899,orange
7900,red
7901,red
7902,red
7903,red
7904,red
7905,red
7906,red
7907,red
7908,red
7909,red
7910,red
7911,red
7912,orange
7913,red
7914,orange
7915,orange
7916,orange
7917,red
7918,red
7919,red
7920,red
7921,red
7922,red
7923,orange
7924,red
7925,red
7926,red
7927,red
7928,red
7929,orange
7930,orange
7931,red
7932,red
7933,red
7934,red
7935,red
7936,orange
7937,orange
7938,red
7939,red
7940,orange
7941,red
7942,red
7943,red
7944,red
7945,red
7946,red
7947,red
7948,red
7949,red
7950,orange
7951,orange
7952,red
7953,orange
7954,red
7955,orange
7956,red
7957,red
7958,orange
7959,red
7960,red
7961,red
7962,orange
7963,red
7964,red
7965,orange
7966,red
7967,red
7968,red
7969,red
7970,orange
7971,orange
7972,red
7973,red
7974,orange
7975,red
7976,red
7977,orange
7978,orange
7979,red
7980,red
7981,orange
7982,orange
7983,red
7984,red
7985,red
7986,red
7987,red
7988,orange
7989,red
7990,red
7991,orange
7992,red
7993,red
7994,orange
7995,red
7996,orange
7997,red
7998,red
7999,red
8000,orange
8001,red
8002,orange
8003,red
8004,red
8005,red
8006,orange
8007,red
8008,red
8009,red
8010,red
8011,red
8012,red
8013,red
8014,red
8015,red
8016,red
8017,orange
8018,red
8019,red
8020,orange
8021,red
8022,red
8023,red
8024,red
8025,orange
8026,orange
8027,orange
8028,red
8029,red
8030,red
8031,red
8032,orange
8033,orange
8034,orange
8035,orange
8036,red
8037,red
8038,red
8039,red
8040,red
8041,red
8042,red
8043,red
8044,orange
8045,orange
8046,red
8047,red
8048,orange
8049,red
8050,red
8051,orange
8052,red
8053,red
8054,red
8055,red
8056,red
8057,red
8058,orange
8059,orange
8060,orange
8061,red
8062,red
8063,red
8064,orange
8065,red
8066,red
8067,red
8068,red
8069,red
8070,red
8071,red
8072,orange
8073,orange
8074,orange
8075,orange
8076,orange
8077,orange
8078,red
8079,red
8080,red
8081,red
8082,red
8083,orange
8084,red
8085,red
8086,orange
8087,red
8088,red
8089,red
8090,orange
8091,red
8092,red
8093,red
8094,red
8095,red
8096,red
8097,orange
8098,red
8099,red
8100,red
8101,orange
8102,red
8103,orange
8104,orange
8105,orange
8106,red
8107,red
8108,red
8109,orange
8110,red
8111,red
8112,red
8113,orange
8114,red
8115,red
8116,orange
8117,orange
8118,orange
8119,red
8120,red
8121,red
8122,orange
8123,orange
8124,red
8125,red
8126,red
8127,orange
8128,orange
8129,red
8130,red
8131,red
8132,red
8133,orange
8134,orange
8135,orange
8136,red
8137,red
8138,orange
8139,orange
8140,red
8141,red
8142,red
8143,red
8144,orange
8145,orange
8146,red
8147,red
8148,red
8149,orange
8150,red
8151,red
8152,red
8153,red
8154,red
8155,red
8156,red
8157,orange
8158,orange
8159,red
8160,red
8161,red
8162,red
8163,red
8164,orange
8165,orange
8166,red
8167,red
8168,orange
8169,red
8170,orange
8171,orange
8172,red
8173,orange
8174,red
8175,orange
8176,red
8177,orange
8178,red
8179,orange
8180,red
8181,orange
8182,orange
8183,orange
8184,red
8185,orange
8186,red
8187,red
8188,red
8189,orange
8190,red
8191,orange
8192,orange
8193,red
8194,red
8195,red
8196,orange
8197,orange
8198,red
8199,red
8200,red
8201,red
8202,red
8203,orange
8204,red
8205,red
8206,orange
8207,red
8208,orange
8209,orange
8210,orange
8211,red
8212,red
8213,red
8214,red
8215,red
8216,red
8217,red
8218,orange
8219,orange
8220,red
8221,orange
8222,red
8223,red
8224,orange
8225,red
8226,orange
8227,red
8228,orange
8229,orange
8230,red
8231,orange
8232,red
8233,red
8234,orange
8235,red
8236,red
8237,orange
8238,red
8239,red
8240,red
8241,red
8242,red
8243,red
8244,orange
8245,red
8246,red
8247,red
8248,orange
8249,red
8250,orange
8251,orange
8252,red
8253,red
8254,red
8255,red
8256,red
8257,red
8258,red
8259,red
8260,red
8261,red
8262,red
8263,red
8264,red
8265,orange
8266,orange
8267,red
8268,red
8269,red
8270,red
8271,red
8272,red
8273,red
8274,orange
8275,orange
8276,red
8277,orange
8278,red
8279,red
8280,red
8281,orange
8282,red
8283,red
8284,red
8285,orange
8286,orange
8287,red
8288,orange
8289,orange
8290,orange
8291,red
8292,red
8293,red
8294,red
8295,orange
8296,red
8297,red
8298,red
8299,red
8300,red
8301,orange
8302,red
8303,orange
8304,red
8305,red
8306,red
8307,red
8308,orange
8309,red
8310,red
8311,orange
8312,red
8313,orange
8314,red
8315,red
8316,red
8317,red
8318,red
8319,orange
8320,red
8321,red
8322,red
8323,red
8324,orange
8325,red
8326,red
8327,red
8328,orange
8329,orange
8330,red
8331,red
8332,red
8333,red
8334,red
8335,red
8336,red
8337,red
8338,orange
8339,red
8340,red
8341,red
8342,red
8343,red
8344,red
8345,red
8346,orange
8347,orange
8348,red
8349,red
8350,red
8351,red
8352,orange
8353,red
8354,red
8355,red
8356,orange
8357,red
8358,red
8359,red
8360,red
8361,red
8362,red
8363,red
8364,red
8365,red
8366,red
8367,red
8368,red
8369,orange
8370,red
8371,red
8372,red
8373,orange
8374,red
8375,red
8376,orange
8377,red
8378,orange
8379,red
8380,orange
8381,red
8382,red
8383,orange
8384,orange
8385,red
8386,red
8387,orange
8388,red
8389,orange
8390,red
8391,red
8392,orange
8393,orange
8394,red
8395,red
8396,orange
8397,red
8398,red
8399,red
8400,red
8401,red
8402,red
8403,red
8404,orange
8405,red
8406,orange
8407,orange
8408,orange
8409,red
8410,red
8411,orange
8412,red
8413,orange
8414,orange
8415,red
8416,red
8417,red
8418,orange
8419,orange
8420,orange
8421,red
8422,orange
8423,orange
8424,red
8425,red
8426,red
8427,red
8428,orange
8429,orange
8430,red
8431,red
8432,orange
8433,red
8434,red
8435,orange
8436,orange
8437,red
8438,red
8439,orange
8440,red
8441,red
8442,orange
8443,orange
8444,red
8445,red
8446,red
8447,orange
8448,orange
8449,orange
8450,orange
8451,orange
8452,red
8453,orange
8454,orange
8455,orange
8456,orange
8457,red
8458,red
8459,red
8460,orange
8461,red
8462,orange
8463,red
8464,red
8465,red
8466,orange
8467,red
8468,orange
8469,red
8470,red
8471,red
8472,red
8473,orange
8474,red
8475,red
8476,orange
8477,red
8478,red
8479,red
8480,red
8481,orange
8482,red
8483,red
8484,red
8485,orange
8486,red
8487,orange
8488,red
8489,red
8490,red
8491,red
8492,red
8493,red
8494,red
8495,red
8496,red
8497,orange
8498,red
8499,red
8500,red
8501,red
8502,red
8503,red
8504,red
8505,red
8506,red
8507,red
8508,red
8509,red
8510,red
8511,red
8512,red
8513,red
8514,orange
8515,red
8516,red
8517,orange
8518,red
8519,red
8520,red
8521,red
8522,orange
8523,red
8524,red
8525,red
8526,red
8527,orange
8528,orange
8529,red
8530,red
8531,red
8532,red
8533,red
8534,red
8535,red
8536,orange
8537,orange
8538,red
8539,orange
8540,orange
8541,red
8542,orange
8543,orange
8544,red
8545,red
8546,red
8547,red
8548,red
8549,red
8550,orange
8551,red
8552,red
8553,red
8554,orange
8555,orange
8556,red
8557,red
8558,red
8559,orange
8560,red
8561,red
8562,red
8563,red
8564,orange
8565,orange
8566,orange
8567,red
8568,orange
8569,red
8570,orange
8571,orange
8572,orange
8573,red
8574,red
8575,orange
8576,red
8577,red
8578,red
8579,red
8580,red
8581,orange
8582,orange
8583,red
8584,red
8585,red
8586,red
8587,red
8588,red
8589,red
8590,red
8591,red
8592,red
8593,red
8594,red
8595,red
8596,red
8597,red
8598,red
8599,red
8600,red
8601,red
8602,red
8603,red
8604,orange
8605,red
8606,red
8607,orange
8608,red
8609,red
8610,orange
8611,red
8612,red
8613,red
8614,red
8615,red
8616,orange
8617,red
8618,orange
8619,red
8620,orange
8621,red
8622,red
8623,red
8624,red
8625,red
8626,orange
8627,red
8628,orange
8629,red
8630,red
8631,orange
8632,red
8633,red
8634,orange
8635,orange
8636,red
8637,red
8638,red
8639,orange
8640,orange
8641,red
8642,orange
8643,red
8644,red
8645,red
8646,red
8647,orange
8648,orange
8649,orange
8650,orange
8651,orange
8652,red
8653,orange
8654,orange
8655,red
8656,red
8657,orange
8658,red
8659,red
8660,red
8661,red
8662,red
8663,red
8664,red
8665,orange
8666,red
8667,orange
8668,red
8669,red
8670,orange
8671,orange
8672,red
8673,orange
8674,red
8675,orange
8676,red
8677,red
8678,red
8679,red
8680,red
8681,red
8682,orange
8683,orange
8684,red
8685,orange
8686,red
8687,red
8688,red
8689,orange
8690,red
8691,red
8692,red
8693,red
8694,red
8695,red
8696,orange
8697,orange
8698,red
8699,orange
8700,red
8701,red
8702,orange
8703,red
8704,red
8705,red
8706,red
8707,red
8708,red
8709,orange
8710,red
8711,orange
8712,red
8713,red
8714,red
8715,red
8716,orange
8717,orange
8718,red
8719,orange
8720,red
8721,orange
8722,red
8723,orange
8724,orange
8725,orange
8726,red
8727,orange
8728,red
8729,red
8730,orange
8731,red
8732,red
8733,orange
8734,red
8735,red
8736,red
8737,orange
8738,orange
8739,red
8740,red
8741,orange
8742,red
8743,orange
8744,red
8745,red
8746,red
8747,orange
8748,red
8749,red
8750,orange
8751,red
8752,red
8753,red
8754,red
8755,red
8756,red
8757,red
8758,red
8759,red
8760,orange
8761,orange
8762,red
8763,red
8764,orange
8765,orange
8766,red
8767,red
8768,red
8769,orange
8770,orange
8771,red
8772,red
8773,red
8774,red
8775,red
8776,red
8777,red
8778,orange
8779,orange
8780,red
8781,orange
8782,red
8783,orange
8784,red
8785,red
8786,red
8787,red
8788,red
8789,red
8790,red
8791,red
8792,red
8793,red
8794,red
8795,orange
8796,red
8797,red
8798,red
8799,orange
8800,red
8801,orange
8802,red
8803,red
8804,red
8805,red
8806,red
8807,orange
8808,red
8809,orange
8810,orange
8811,red
8812,red
8813,red
8814,red
8815,orange
8816,red
8817,red
8818,red
8819,orange
8820,orange
8821,orange
8822,red
8823,red
8824,red
8825,red
8826,red
8827,red
8828,red
8829,red
8830,orange
8831,red
8832,red
8833,orange
8834,red
8835,orange
8836,orange
8837,orange
8838,red
8839,red
8840,orange
8841,red
8842,red
8843,red
8844,red
8845,orange
8846,orange
8847,red
8848,red
8849,red
8850,orange
8851,red
8852,red
8853,orange
8854,red
8855,red
8856,red
8857,red
8858,red
8859,red
8860,orange
8861,red
8862,orange
8863,red
8864,red
8865,red
8866,red
8867,red
8868,red
8869,orange
8870,red
8871,red
8872,red
8873,red
8874,red
8875,orange
8876,orange
8877,red
8878,red
8879,orange
8880,red
8881,red
8882,orange
8883,orange
8884,red
8885,red
8886,orange
8887,orange
8888,orange
8889,red
8890,red
8891,orange
8892,orange
8893,orange
8894,red
8895,orange
8896,red
8897,red
8898,orange
8899,orange
8900,red
8901,red
8902,orange
8903,red
8904,orange
8905,red
8906,red
8907,orange
8908,orange
8909,red
8910,red
8911,red
8912,red
8913,red
8914,orange
8915,red
8916,red
8917,orange
8918,orange
8919,red
8920,red
8921,red
8922,red
8923,orange
8924,red
8925,red
8926,red
8927,orange
8928,red
8929,orange
8930,red
8931,red
8932,orange
8933,red
8934,orange
8935,red
8936,orange
8937,orange
8938,red
8939,orange
8940,red
8941,red
8942,orange
8943,red
8944,orange
8945,red
8946,red
8947,red
8948,red
8949,red
8950,orange
8951,red
8952,orange
8953,orange
8954,red
8955,red
8956,red
8957,orange
8958,red
8959,orange
8960,red
8961,red
8962,red
8963,red
8964,red
8965,orange
8966,red
8967,red
8968,red
8969,red
8970,red
8971,orange
8972,red
8973,red
8974,red
8975,red
8976,red
8977,orange
8978,red
8979,red
8980,orange
8981,red
8982,red
8983,orange
8984,red
8985,red
8986,red
8987,red
8988,red
8989,orange
8990,orange
8991,orange
8992,orange
8993,red
8994,red
8995,orange
8996,red
8997,orange
8998,red
8999,red
9000,red
9001,red
9002,orange
9003,red
9004,red
9005,red
9006,orange
9007,red
9008,orange
9009,orange
9010,orange
9011,red
9012,orange
9013,red
9014,orange
9015,red
9016,orange
9017,red
9018,orange
9019,red
9020,orange
9021,red
9022,red
9023,orange
9024,red
9025,orange
9026,orange
9027,red
9028,red
9029,red
9030,red
9031,red
9032,red
9033,red
9034,orange
9035,red
9036,orange
9037,red
9038,orange
9039,orange
9040,red
9041,red
9042,red
9043,orange
9044,red
9045,red
9046,red
9047,red
9048,red
9049,orange
9050,red
9051,red
9052,red
9053,orange
9054,red
9055,red
9056,red
9057,red
9058,red
9059,orange
9060,red
9061,orange
9062,orange
9063,red
9064,red
9065,orange
9066,orange
9067,red
9068,red
9069,red
9070,red
9071,orange
9072,red
9073,red
9074,red
9075,orange
9076,red
9077,orange
9078,red
9079,orange
9080,red
9081,red
9082,red
9083,red
9084,red
9085,red
9086,red
9087,red
9088,red
9089,orange
9090,red
9091,red
9092,orange
9093,orange
9094,orange
9095,orange
9096,red
9097,red
9098,red
9099,orange
9100,red
9101,orange
9102,red
9103,red
9104,red
9105,red
9106,red
9107,red
9108,red
9109,red
9110,red
9111,red
9112,orange
9113,red
9114,red
9115,red
9116,red
9117,orange
9118,orange
9119,red
9120,red
9121,red
9122,red
9123,red
9124,red
9125,red
9126,orange
9127,orange
9128,red
9129,red
9130,red
9131,orange
9132,red
9133,orange
9134,red
9135,orange
9136,red
9137,red
9138,red
9139,red
9140,red
9141,red
9142,red
9143,red
9144,red
9145,red
9146,red
9147,orange
9148,red
9149,red
9150,red
9151,red
9152,red
9153,orange
9154,orange
9155,orange
9156,orange
9157,red
9158,red
9159,red
9160,red
9161,orange
9162,red
9163,orange
9164,red
9165,red
9166,red
9167,red
9168,orange
9169,red
9170,red
9171,orange
9172,red
9173,red
9174,orange
9175,red
9176,red
9177,red
9178,red
9179,red
9180,orange
9181,orange
9182,red
9183,red
9184,orange
9185,red
9186,orange
9187,red
9188,orange
9189,red
9190,red
9191,red
9192,red
9193,red
9194,red
9195,red
9196,orange
9197,red
9198,red
9199,red
9200,red
9201,red
9202,red
9203,red
9204,orange
9205,red
9206,red
9207,red
9208,red
9209,orange
9210,orange
9211,orange
9212,orange
9213,red
9214,red
9215,red
9216,red
9217,red
9218,orange
9219,orange
9220,red
9221,red
9222,red
9223,red
9224,red
9225,red
9226,red
9227,red
9228,red
9229,red
9230,red
9231,red
9232,orange
9233,orange
9234,red
9235,orange
9236,orange
9237,orange
9238,red
9239,red
9240,red
9241,red
9242,orange
9243,red
9244,orange
9245,orange
9246,red
9247,red
9248,orange
9249,red
9250,red
9251,red
9252,red
9253,orange
9254,orange
9255,red
9256,red
9257,orange
9258,orange
9259,red
9260,orange
9261,red
9262,red
9263,orange
9264,orange
9265,red
9266,red
9267,red
9268,orange
9269,red
9270,orange
9271,red
9272,red
9273,red
9274,orange
9275,red
9276,red
9277,orange
9278,orange
9279,red
9280,red
9281,red
9282,orange
9283,red
9284,red
9285,red
9286,red
9287,red
9288,red
9289,orange
9290,orange
9291,red
9292,red
9293,orange
9294,red
9295,red
9296,red
9297,red
9298,red
9299,orange
9300,red
9301,red
9302,red
9303,orange
9304,orange
9305,orange
9306,red
9307,red
9308,orange
9309,red
9310,red
9311,red
9312,red
9313,red
9314,red
9315,red
9316,red
9317,orange
9318,red
9319,red
9320,red
9321,orange
9322,red
9323,red
9324,red
9325,red
9326,orange
9327,red
9328,red
9329,red
9330,red
9331,orange
9332,orange
9333,red
9334,red
9335,red
9336,red
9337,red
9338,red
9339,orange
9340,orange
9341,red
9342,red
9343,red
9344,red
9345,orange
9346,orange
9347,red
9348,red
9349,red
9350,red
9351,red
9352,orange
9353,red
9354,red
9355,red
9356,red
9357,orange
9358,orange
9359,red
9360,red
9361,orange
9362,red
9363,red
9364,red
9365,orange
9366,red
9367,red
9368,red
9369,red
9370,red
9371,red
9372,orange
9373,red
9374,red
9375,red
9376,orange
9377,red
9378,orange
9379,orange
9380,red
9381,orange
9382,red
9383,orange
9384,orange
9385,red
9386,red
9387,red
9388,red
9389,red
9390,red
9391,red
9392,red
9393,red
9394,red
9395,red
9396,red
9397,orange
9398,red
9399,orange
9400,red
9401,red
9402,red
9403,red
9404,orange
9405,red
9406,red
9407,red
9408,red
9409,orange
9410,red
9411,red
9412,red
9413,red
9414,red
9415,orange
9416,orange
9417,red
9418,red
9419,red
9420,red
9421,red
9422,red
9423,red
9424,orange
9425,orange
9426,red
9427,orange
9428,red
9429,orange
9430,red
9431,red
9432,red
9433,orange
9434,red
9435,orange
9436,red
9437,red
9438,red
9439,red
9440,red
9441,red
9442,red
9443,red
9444,orange
9445,orange
9446,orange
9447,red
9448,orange
9449,red
9450,orange
9451,orange
9452,red
9453,red
9454,red
9455,red
9456,orange
9457,orange
9458,red
9459,orange
9460,red
9461,red
9462,red
9463,red
9464,red
9465,red
9466,red
9467,orange
9468,orange
9469,red
9470,red
9471,red
9472,red
9473,red
9474,red
9475,red
9476,red
9477,red
9478,red
9479,red
9480,red
9481,orange
9482,red
9483,orange
9484,orange
9485,orange
9486,orange
9487,red
9488,orange
9489,red
9490,orange
9491,red
9492,red
9493,red
9494,orange
9495,red
9496,red
9497,red
9498,red
9499,red
9500,orange
9501,orange
9502,orange
9503,orange
9504,red
9505,red
9506,red
9507,red
9508,red
9509,red
9510,orange
9511,red
9512,orange
9513,red
9514,red
9515,red
9516,red
9517,red
9518,orange
9519,red
9520,orange
9521,red
9522,red
9523,orange
9524,red
9525,red
9526,red
9527,orange
9528,red
9529,red
9530,red
9531,red
9532,red
9533,orange
9534,orange
9535,red
9536,red
9537,red
9538,red
9539,orange
9540,red
9541,red
9542,orange
9543,orange
9544,red
9545,orange
9546,red
9547,red
9548,red
9549,red
9550,orange
9551,red
9552,red
9553,orange
9554,orange
9555,red
9556,orange
9557,red
9558,red
9559,red
9560,red
9561,red
9562,orange
9563,red
9564,red
9565,red
9566,red
9567,red
9568,red
9569,red
9570,red
9571,red
9572,orange
9573,red
9574,red
9575,red
9576,red
9577,red
9578,red
9579,red
9580,red
9581,red
9582,orange
9583,red
9584,red
9585,red
9586,red
9587,red
9588,red
9589,red
9590,red
9591,orange
9592,red
9593,red
9594,orange
9595,orange
9596,red
9597,red
9598,orange
9599,red
9600,red
9601,red
9602,orange
9603,red
9604,red
9605,orange
9606,red
9607,red
9608,orange
9609,red
9610,red
9611,red
9612,red
9613,orange
9614,red
9615,red
9616,red
9617,red
9618,red
9619,red
9620,red
9621,red
9622,orange
9623,red
9624,orange
9625,red
9626,red
9627,red
9628,red
9629,orange
9630,red
9631,orange
9632,orange
9633,red
9634,red
9635,red
9636,red
9637,red
9638,orange
9639,red
9640,orange
9641,orange
9642,red
9643,red
9644,red
9645,red
9646,red
9647,orange
9648,orange
9649,orange
9650,orange
9651,orange
9652,red
9653,red
9654,red
9655,orange
9656,red
9657,orange
9658,orange
9659,red
9660,red
9661,red
9662,red
9663,orange
9664,orange
9665,red
9666,orange
9667,red
9668,orange
9669,red
9670,orange
9671,orange
9672,red
9673,orange
9674,red
9675,orange
9676,red
9677,red
9678,red
9679,orange
9680,red
9681,red
9682,orange
9683,red
9684,red
9685,red
9686,red
9687,red
9688,red
9689,red
9690,orange
9691,orange
9692,red
9693,orange
9694,red
9695,red
9696,red
9697,red
9698,orange
9699,red
9700,red
9701,red
9702,red
9703,orange
9704,red
9705,red
9706,red
9707,red
9708,red
9709,red
9710,red
9711,red
9712,red
9713,red
9714,red
9715,red
9716,orange
9717,red
9718,orange
9719,red
9720,red
9721,red
9722,orange
9723,red
9724,red
9725,red
9726,red
9727,red
9728,red
9729,orange
9730,red
9731,red
9732,orange
9733,red
9734,red
9735,red
9736,red
9737,red
9738,red
9739,red
9740,red
9741,red
9742,red
9743,red
9744,red
9745,red
9746,red
9747,red
9748,red
9749,red
9750,red
9751,orange
9752,red
9753,red
9754,red
9755,red
9756,orange
9757,orange
9758,red
9759,red
9760,red
9761,red
9762,red
9763,red
9764,orange
9765,red
9766,orange
9767,red
9768,red
9769,red
9770,red
9771,red
9772,red
9773,red
9774,red
9775,orange
9776,red
9777,red
9778,red
9779,orange
9780,orange
9781,red
9782,red
9783,red
9784,orange
9785,red
9786,red
9787,red
9788,red
9789,red
9790,red
9791,red
9792,orange
9793,red
9794,orange
9795,red
9796,red
9797,red
9798,orange
9799,red
9800,red
9801,red
9802,orange
9803,red
9804,red
9805,orange
9806,red
9807,red
9808,red
9809,red
9810,red
9811,red
9812,red
9813,red
9814,red
9815,red
9816,orange
9817,red
9818,red
9819,red
9820,red
9821,orange
9822,orange
9823,orange
9824,red
9825,orange
9826,red
9827,orange
9828,red
9829,red
9830,red
9831,red
9832,orange
9833,red
9834,red
9835,orange
9836,red
9837,red
9838,red
9839,red
9840,orange
9841,red
9842,red
9843,red
9844,red
9845,red
9846,red
9847,red
9848,red
9849,red
9850,red
9851,red
9852,red
9853,red
9854,orange
9855,red
9856,red
9857,orange
9858,orange
9859,red
9860,orange
9861,red
9862,orange
9863,red
9864,orange
9865,red
9866,red
9867,orange
9868,red
9869,red
9870,red
9871,red
9872,orange
9873,red
9874,orange
9875,orange
9876,red
9877,orange
9878,red
9879,red
9880,orange
9881,red
9882,red
9883,red
9884,red
9885,red
9886,orange
9887,orange
9888,red
9889,red
9890,red
9891,orange
9892,red
9893,red
9894,red
9895,red
9896,orange
9897,red
9898,red
9899,red
9900,orange
9901,red
9902,orange
9903,orange
9904,orange
9905,orange
9906,red
9907,orange
9908,red
9909,orange
9910,orange
9911,red
9912,red
9913,red
9914,red
9915,orange
9916,red
9917,orange
9918,red
9919,orange
9920,orange
9921,red
9922,red
9923,red
9924,orange
9925,red
9926,red
9927,red
9928,red
9929,red
9930,red
9931,red
9932,orange
9933,orange
9934,red
9935,red
9936,red
9937,red
9938,red
9939,orange
9940,orange
9941,red
9942,red
9943,red
9944,red
9945,red
9946,orange
9947,orange
9948,red
9949,red
9950,orange
9951,red
9952,red
9953,red
9954,red
9955,red
9956,red
9957,red
9958,red
9959,red
9960,red
9961,red
9962,orange
9963,red
9964,red
9965,red
9966,red
9967,red
9968,red
9969,orange
9970,orange
9971,red
9972,orange
9973,red
9974,orange
9975,orange
9976,red
9977,red
9978,orange
9979,orange
9980,red
9981,red
9982,red
9983,red
9984,red
9985,red
9986,orange
9987,red
9988,red
9989,red
9990,red
9991,red
9992,orange
9993,red
9994,red
9995,orange
9996,orange
9997,red
9998,orange
9999,red
10000,red
